"","Habitat","DayNight","Replicate","Mass","species","abundance"
"1","Colpomenia_peregrina","D",1,7.9,"Peramphithoe_parmerong",0
"2","Colpomenia_peregrina","D",2,11.9,"Peramphithoe_parmerong",0
"3","Colpomenia_peregrina","D",3,14,"Peramphithoe_parmerong",0
"4","Colpomenia_peregrina","D",4,8.7,"Peramphithoe_parmerong",0
"5","Colpomenia_peregrina","D",5,12.3,"Peramphithoe_parmerong",0
"6","Colpomenia_peregrina","D",6,12.8,"Peramphithoe_parmerong",0
"7","Colpomenia_peregrina","D",7,9.2,"Peramphithoe_parmerong",0
"8","Colpomenia_peregrina","D",8,10.5,"Peramphithoe_parmerong",1
"9","Colpomenia_peregrina","D",9,12.6,"Peramphithoe_parmerong",0
"10","Colpomenia_peregrina","D",10,10.4,"Peramphithoe_parmerong",0
"11","Colpomenia_peregrina","N",1,11.1,"Peramphithoe_parmerong",0
"12","Colpomenia_peregrina","N",2,6.8,"Peramphithoe_parmerong",0
"13","Colpomenia_peregrina","N",3,12.3,"Peramphithoe_parmerong",0
"14","Colpomenia_peregrina","N",4,10.1,"Peramphithoe_parmerong",0
"15","Colpomenia_peregrina","N",5,15.6,"Peramphithoe_parmerong",0
"16","Colpomenia_peregrina","N",6,7.3,"Peramphithoe_parmerong",0
"17","Colpomenia_peregrina","N",7,8.1,"Peramphithoe_parmerong",0
"18","Colpomenia_peregrina","N",8,5.3,"Peramphithoe_parmerong",0
"19","Colpomenia_peregrina","N",9,6.9,"Peramphithoe_parmerong",0
"20","Colpomenia_peregrina","N",10,8.3,"Peramphithoe_parmerong",0
"21","Dictyopteris_acrostichoides","D",1,25.5,"Peramphithoe_parmerong",0
"22","Dictyopteris_acrostichoides","D",2,43.6,"Peramphithoe_parmerong",1
"23","Dictyopteris_acrostichoides","D",3,27.9,"Peramphithoe_parmerong",0
"24","Dictyopteris_acrostichoides","D",4,70.7,"Peramphithoe_parmerong",0
"25","Dictyopteris_acrostichoides","D",5,42.7,"Peramphithoe_parmerong",0
"26","Dictyopteris_acrostichoides","D",6,47.3,"Peramphithoe_parmerong",1
"27","Dictyopteris_acrostichoides","D",7,20.1,"Peramphithoe_parmerong",4
"28","Dictyopteris_acrostichoides","D",8,45.3,"Peramphithoe_parmerong",1
"29","Dictyopteris_acrostichoides","D",9,21.7,"Peramphithoe_parmerong",0
"30","Dictyopteris_acrostichoides","D",10,40,"Peramphithoe_parmerong",0
"31","Dictyopteris_acrostichoides","N",1,42.9,"Peramphithoe_parmerong",0
"32","Dictyopteris_acrostichoides","N",2,38.2,"Peramphithoe_parmerong",0
"33","Dictyopteris_acrostichoides","N",3,20.1,"Peramphithoe_parmerong",1
"34","Dictyopteris_acrostichoides","N",4,10.3,"Peramphithoe_parmerong",0
"35","Dictyopteris_acrostichoides","N",5,25.7,"Peramphithoe_parmerong",0
"36","Dictyopteris_acrostichoides","N",6,41.9,"Peramphithoe_parmerong",0
"37","Dictyopteris_acrostichoides","N",7,29.4,"Peramphithoe_parmerong",0
"38","Dictyopteris_acrostichoides","N",8,21.8,"Peramphithoe_parmerong",0
"39","Dictyopteris_acrostichoides","N",9,23.9,"Peramphithoe_parmerong",0
"40","Dictyopteris_acrostichoides","N",10,23.8,"Peramphithoe_parmerong",0
"41","Sargassum_linearifolium","D",1,43.9,"Peramphithoe_parmerong",69
"42","Sargassum_linearifolium","D",2,52.3,"Peramphithoe_parmerong",16
"43","Sargassum_linearifolium","D",3,54.4,"Peramphithoe_parmerong",23
"44","Sargassum_linearifolium","D",4,25.6,"Peramphithoe_parmerong",8
"45","Sargassum_linearifolium","D",5,48.2,"Peramphithoe_parmerong",56
"46","Sargassum_linearifolium","D",6,70.4,"Peramphithoe_parmerong",3
"47","Sargassum_linearifolium","D",7,92.7,"Peramphithoe_parmerong",43
"48","Sargassum_linearifolium","D",8,52.7,"Peramphithoe_parmerong",26
"49","Sargassum_linearifolium","D",9,41.9,"Peramphithoe_parmerong",17
"50","Sargassum_linearifolium","D",10,31,"Peramphithoe_parmerong",5
"51","Sargassum_linearifolium","N",1,65.1,"Peramphithoe_parmerong",17
"52","Sargassum_linearifolium","N",2,41.5,"Peramphithoe_parmerong",3
"53","Sargassum_linearifolium","N",3,52.2,"Peramphithoe_parmerong",50
"54","Sargassum_linearifolium","N",4,40.1,"Peramphithoe_parmerong",23
"55","Sargassum_linearifolium","N",5,71.2,"Peramphithoe_parmerong",47
"56","Sargassum_linearifolium","N",6,35.2,"Peramphithoe_parmerong",13
"57","Sargassum_linearifolium","N",7,35.6,"Peramphithoe_parmerong",22
"58","Sargassum_linearifolium","N",8,47.7,"Peramphithoe_parmerong",96
"59","Sargassum_linearifolium","N",9,20.9,"Peramphithoe_parmerong",20
"60","Sargassum_linearifolium","N",10,34.6,"Peramphithoe_parmerong",45
"61","Sargassum_vestitum","D",1,42.3,"Peramphithoe_parmerong",30
"62","Sargassum_vestitum","D",2,31.8,"Peramphithoe_parmerong",23
"63","Sargassum_vestitum","D",3,42.8,"Peramphithoe_parmerong",56
"64","Sargassum_vestitum","D",4,27.3,"Peramphithoe_parmerong",13
"65","Sargassum_vestitum","D",5,37.9,"Peramphithoe_parmerong",60
"66","Sargassum_vestitum","D",6,52.9,"Peramphithoe_parmerong",3
"67","Sargassum_vestitum","D",7,27.1,"Peramphithoe_parmerong",31
"68","Sargassum_vestitum","D",8,35.7,"Peramphithoe_parmerong",9
"69","Sargassum_vestitum","D",9,34.4,"Peramphithoe_parmerong",24
"70","Sargassum_vestitum","D",10,31.8,"Peramphithoe_parmerong",5
"71","Sargassum_vestitum","N",1,25.6,"Peramphithoe_parmerong",44
"72","Sargassum_vestitum","N",2,51.9,"Peramphithoe_parmerong",45
"73","Sargassum_vestitum","N",3,46.4,"Peramphithoe_parmerong",18
"74","Sargassum_vestitum","N",4,27.1,"Peramphithoe_parmerong",16
"75","Sargassum_vestitum","N",5,51.9,"Peramphithoe_parmerong",42
"76","Sargassum_vestitum","N",6,26.4,"Peramphithoe_parmerong",16
"77","Sargassum_vestitum","N",7,26.1,"Peramphithoe_parmerong",20
"78","Sargassum_vestitum","N",8,16.3,"Peramphithoe_parmerong",9
"79","Sargassum_vestitum","N",9,28.7,"Peramphithoe_parmerong",13
"80","Sargassum_vestitum","N",10,53.7,"Peramphithoe_parmerong",2
"81","Zonaria_diesingiana","D",1,8.6,"Peramphithoe_parmerong",0
"82","Zonaria_diesingiana","D",2,6.2,"Peramphithoe_parmerong",0
"83","Zonaria_diesingiana","D",3,8.9,"Peramphithoe_parmerong",0
"84","Zonaria_diesingiana","D",4,7.4,"Peramphithoe_parmerong",0
"85","Zonaria_diesingiana","D",5,12.8,"Peramphithoe_parmerong",0
"86","Zonaria_diesingiana","D",6,15.3,"Peramphithoe_parmerong",0
"87","Zonaria_diesingiana","D",7,11.8,"Peramphithoe_parmerong",0
"88","Zonaria_diesingiana","D",8,9.9,"Peramphithoe_parmerong",0
"89","Zonaria_diesingiana","D",9,14.6,"Peramphithoe_parmerong",0
"90","Zonaria_diesingiana","D",10,10.4,"Peramphithoe_parmerong",0
"91","Zonaria_diesingiana","N",1,11.8,"Peramphithoe_parmerong",0
"92","Zonaria_diesingiana","N",2,4.2,"Peramphithoe_parmerong",0
"93","Zonaria_diesingiana","N",3,3.9,"Peramphithoe_parmerong",0
"94","Zonaria_diesingiana","N",4,7.6,"Peramphithoe_parmerong",0
"95","Zonaria_diesingiana","N",5,6.6,"Peramphithoe_parmerong",0
"96","Zonaria_diesingiana","N",6,10.3,"Peramphithoe_parmerong",0
"97","Zonaria_diesingiana","N",7,12.8,"Peramphithoe_parmerong",0
"98","Zonaria_diesingiana","N",8,7,"Peramphithoe_parmerong",0
"99","Zonaria_diesingiana","N",9,5.6,"Peramphithoe_parmerong",0
"100","Zonaria_diesingiana","N",10,7.2,"Peramphithoe_parmerong",0
"101","Colpomenia_peregrina","D",1,7.9,"Ampithoe_caddi",0
"102","Colpomenia_peregrina","D",2,11.9,"Ampithoe_caddi",0
"103","Colpomenia_peregrina","D",3,14,"Ampithoe_caddi",0
"104","Colpomenia_peregrina","D",4,8.7,"Ampithoe_caddi",0
"105","Colpomenia_peregrina","D",5,12.3,"Ampithoe_caddi",0
"106","Colpomenia_peregrina","D",6,12.8,"Ampithoe_caddi",1
"107","Colpomenia_peregrina","D",7,9.2,"Ampithoe_caddi",0
"108","Colpomenia_peregrina","D",8,10.5,"Ampithoe_caddi",0
"109","Colpomenia_peregrina","D",9,12.6,"Ampithoe_caddi",0
"110","Colpomenia_peregrina","D",10,10.4,"Ampithoe_caddi",1
"111","Colpomenia_peregrina","N",1,11.1,"Ampithoe_caddi",2
"112","Colpomenia_peregrina","N",2,6.8,"Ampithoe_caddi",0
"113","Colpomenia_peregrina","N",3,12.3,"Ampithoe_caddi",0
"114","Colpomenia_peregrina","N",4,10.1,"Ampithoe_caddi",0
"115","Colpomenia_peregrina","N",5,15.6,"Ampithoe_caddi",3
"116","Colpomenia_peregrina","N",6,7.3,"Ampithoe_caddi",0
"117","Colpomenia_peregrina","N",7,8.1,"Ampithoe_caddi",2
"118","Colpomenia_peregrina","N",8,5.3,"Ampithoe_caddi",0
"119","Colpomenia_peregrina","N",9,6.9,"Ampithoe_caddi",0
"120","Colpomenia_peregrina","N",10,8.3,"Ampithoe_caddi",0
"121","Dictyopteris_acrostichoides","D",1,25.5,"Ampithoe_caddi",19
"122","Dictyopteris_acrostichoides","D",2,43.6,"Ampithoe_caddi",37
"123","Dictyopteris_acrostichoides","D",3,27.9,"Ampithoe_caddi",112
"124","Dictyopteris_acrostichoides","D",4,70.7,"Ampithoe_caddi",145
"125","Dictyopteris_acrostichoides","D",5,42.7,"Ampithoe_caddi",19
"126","Dictyopteris_acrostichoides","D",6,47.3,"Ampithoe_caddi",76
"127","Dictyopteris_acrostichoides","D",7,20.1,"Ampithoe_caddi",13
"128","Dictyopteris_acrostichoides","D",8,45.3,"Ampithoe_caddi",30
"129","Dictyopteris_acrostichoides","D",9,21.7,"Ampithoe_caddi",10
"130","Dictyopteris_acrostichoides","D",10,40,"Ampithoe_caddi",30
"131","Dictyopteris_acrostichoides","N",1,42.9,"Ampithoe_caddi",18
"132","Dictyopteris_acrostichoides","N",2,38.2,"Ampithoe_caddi",49
"133","Dictyopteris_acrostichoides","N",3,20.1,"Ampithoe_caddi",95
"134","Dictyopteris_acrostichoides","N",4,10.3,"Ampithoe_caddi",12
"135","Dictyopteris_acrostichoides","N",5,25.7,"Ampithoe_caddi",48
"136","Dictyopteris_acrostichoides","N",6,41.9,"Ampithoe_caddi",6
"137","Dictyopteris_acrostichoides","N",7,29.4,"Ampithoe_caddi",21
"138","Dictyopteris_acrostichoides","N",8,21.8,"Ampithoe_caddi",35
"139","Dictyopteris_acrostichoides","N",9,23.9,"Ampithoe_caddi",179
"140","Dictyopteris_acrostichoides","N",10,23.8,"Ampithoe_caddi",8
"141","Sargassum_linearifolium","D",1,43.9,"Ampithoe_caddi",23
"142","Sargassum_linearifolium","D",2,52.3,"Ampithoe_caddi",0
"143","Sargassum_linearifolium","D",3,54.4,"Ampithoe_caddi",24
"144","Sargassum_linearifolium","D",4,25.6,"Ampithoe_caddi",33
"145","Sargassum_linearifolium","D",5,48.2,"Ampithoe_caddi",22
"146","Sargassum_linearifolium","D",6,70.4,"Ampithoe_caddi",4
"147","Sargassum_linearifolium","D",7,92.7,"Ampithoe_caddi",42
"148","Sargassum_linearifolium","D",8,52.7,"Ampithoe_caddi",14
"149","Sargassum_linearifolium","D",9,41.9,"Ampithoe_caddi",58
"150","Sargassum_linearifolium","D",10,31,"Ampithoe_caddi",5
"151","Sargassum_linearifolium","N",1,65.1,"Ampithoe_caddi",160
"152","Sargassum_linearifolium","N",2,41.5,"Ampithoe_caddi",17
"153","Sargassum_linearifolium","N",3,52.2,"Ampithoe_caddi",24
"154","Sargassum_linearifolium","N",4,40.1,"Ampithoe_caddi",43
"155","Sargassum_linearifolium","N",5,71.2,"Ampithoe_caddi",45
"156","Sargassum_linearifolium","N",6,35.2,"Ampithoe_caddi",25
"157","Sargassum_linearifolium","N",7,35.6,"Ampithoe_caddi",9
"158","Sargassum_linearifolium","N",8,47.7,"Ampithoe_caddi",11
"159","Sargassum_linearifolium","N",9,20.9,"Ampithoe_caddi",9
"160","Sargassum_linearifolium","N",10,34.6,"Ampithoe_caddi",27
"161","Sargassum_vestitum","D",1,42.3,"Ampithoe_caddi",1
"162","Sargassum_vestitum","D",2,31.8,"Ampithoe_caddi",1
"163","Sargassum_vestitum","D",3,42.8,"Ampithoe_caddi",10
"164","Sargassum_vestitum","D",4,27.3,"Ampithoe_caddi",0
"165","Sargassum_vestitum","D",5,37.9,"Ampithoe_caddi",8
"166","Sargassum_vestitum","D",6,52.9,"Ampithoe_caddi",0
"167","Sargassum_vestitum","D",7,27.1,"Ampithoe_caddi",5
"168","Sargassum_vestitum","D",8,35.7,"Ampithoe_caddi",14
"169","Sargassum_vestitum","D",9,34.4,"Ampithoe_caddi",1
"170","Sargassum_vestitum","D",10,31.8,"Ampithoe_caddi",0
"171","Sargassum_vestitum","N",1,25.6,"Ampithoe_caddi",5
"172","Sargassum_vestitum","N",2,51.9,"Ampithoe_caddi",0
"173","Sargassum_vestitum","N",3,46.4,"Ampithoe_caddi",1
"174","Sargassum_vestitum","N",4,27.1,"Ampithoe_caddi",1
"175","Sargassum_vestitum","N",5,51.9,"Ampithoe_caddi",13
"176","Sargassum_vestitum","N",6,26.4,"Ampithoe_caddi",7
"177","Sargassum_vestitum","N",7,26.1,"Ampithoe_caddi",20
"178","Sargassum_vestitum","N",8,16.3,"Ampithoe_caddi",1
"179","Sargassum_vestitum","N",9,28.7,"Ampithoe_caddi",5
"180","Sargassum_vestitum","N",10,53.7,"Ampithoe_caddi",0
"181","Zonaria_diesingiana","D",1,8.6,"Ampithoe_caddi",14
"182","Zonaria_diesingiana","D",2,6.2,"Ampithoe_caddi",1
"183","Zonaria_diesingiana","D",3,8.9,"Ampithoe_caddi",2
"184","Zonaria_diesingiana","D",4,7.4,"Ampithoe_caddi",0
"185","Zonaria_diesingiana","D",5,12.8,"Ampithoe_caddi",0
"186","Zonaria_diesingiana","D",6,15.3,"Ampithoe_caddi",0
"187","Zonaria_diesingiana","D",7,11.8,"Ampithoe_caddi",0
"188","Zonaria_diesingiana","D",8,9.9,"Ampithoe_caddi",0
"189","Zonaria_diesingiana","D",9,14.6,"Ampithoe_caddi",5
"190","Zonaria_diesingiana","D",10,10.4,"Ampithoe_caddi",3
"191","Zonaria_diesingiana","N",1,11.8,"Ampithoe_caddi",10
"192","Zonaria_diesingiana","N",2,4.2,"Ampithoe_caddi",14
"193","Zonaria_diesingiana","N",3,3.9,"Ampithoe_caddi",0
"194","Zonaria_diesingiana","N",4,7.6,"Ampithoe_caddi",8
"195","Zonaria_diesingiana","N",5,6.6,"Ampithoe_caddi",2
"196","Zonaria_diesingiana","N",6,10.3,"Ampithoe_caddi",4
"197","Zonaria_diesingiana","N",7,12.8,"Ampithoe_caddi",5
"198","Zonaria_diesingiana","N",8,7,"Ampithoe_caddi",4
"199","Zonaria_diesingiana","N",9,5.6,"Ampithoe_caddi",3
"200","Zonaria_diesingiana","N",10,7.2,"Ampithoe_caddi",3
"201","Colpomenia_peregrina","D",1,7.9,"Ampithoe_kava",0
"202","Colpomenia_peregrina","D",2,11.9,"Ampithoe_kava",1
"203","Colpomenia_peregrina","D",3,14,"Ampithoe_kava",0
"204","Colpomenia_peregrina","D",4,8.7,"Ampithoe_kava",1
"205","Colpomenia_peregrina","D",5,12.3,"Ampithoe_kava",0
"206","Colpomenia_peregrina","D",6,12.8,"Ampithoe_kava",0
"207","Colpomenia_peregrina","D",7,9.2,"Ampithoe_kava",0
"208","Colpomenia_peregrina","D",8,10.5,"Ampithoe_kava",0
"209","Colpomenia_peregrina","D",9,12.6,"Ampithoe_kava",0
"210","Colpomenia_peregrina","D",10,10.4,"Ampithoe_kava",0
"211","Colpomenia_peregrina","N",1,11.1,"Ampithoe_kava",0
"212","Colpomenia_peregrina","N",2,6.8,"Ampithoe_kava",0
"213","Colpomenia_peregrina","N",3,12.3,"Ampithoe_kava",0
"214","Colpomenia_peregrina","N",4,10.1,"Ampithoe_kava",0
"215","Colpomenia_peregrina","N",5,15.6,"Ampithoe_kava",0
"216","Colpomenia_peregrina","N",6,7.3,"Ampithoe_kava",0
"217","Colpomenia_peregrina","N",7,8.1,"Ampithoe_kava",1
"218","Colpomenia_peregrina","N",8,5.3,"Ampithoe_kava",0
"219","Colpomenia_peregrina","N",9,6.9,"Ampithoe_kava",0
"220","Colpomenia_peregrina","N",10,8.3,"Ampithoe_kava",0
"221","Dictyopteris_acrostichoides","D",1,25.5,"Ampithoe_kava",37
"222","Dictyopteris_acrostichoides","D",2,43.6,"Ampithoe_kava",9
"223","Dictyopteris_acrostichoides","D",3,27.9,"Ampithoe_kava",51
"224","Dictyopteris_acrostichoides","D",4,70.7,"Ampithoe_kava",36
"225","Dictyopteris_acrostichoides","D",5,42.7,"Ampithoe_kava",9
"226","Dictyopteris_acrostichoides","D",6,47.3,"Ampithoe_kava",68
"227","Dictyopteris_acrostichoides","D",7,20.1,"Ampithoe_kava",5
"228","Dictyopteris_acrostichoides","D",8,45.3,"Ampithoe_kava",21
"229","Dictyopteris_acrostichoides","D",9,21.7,"Ampithoe_kava",1
"230","Dictyopteris_acrostichoides","D",10,40,"Ampithoe_kava",9
"231","Dictyopteris_acrostichoides","N",1,42.9,"Ampithoe_kava",5
"232","Dictyopteris_acrostichoides","N",2,38.2,"Ampithoe_kava",22
"233","Dictyopteris_acrostichoides","N",3,20.1,"Ampithoe_kava",31
"234","Dictyopteris_acrostichoides","N",4,10.3,"Ampithoe_kava",3
"235","Dictyopteris_acrostichoides","N",5,25.7,"Ampithoe_kava",27
"236","Dictyopteris_acrostichoides","N",6,41.9,"Ampithoe_kava",0
"237","Dictyopteris_acrostichoides","N",7,29.4,"Ampithoe_kava",1
"238","Dictyopteris_acrostichoides","N",8,21.8,"Ampithoe_kava",2
"239","Dictyopteris_acrostichoides","N",9,23.9,"Ampithoe_kava",159
"240","Dictyopteris_acrostichoides","N",10,23.8,"Ampithoe_kava",3
"241","Sargassum_linearifolium","D",1,43.9,"Ampithoe_kava",127
"242","Sargassum_linearifolium","D",2,52.3,"Ampithoe_kava",9
"243","Sargassum_linearifolium","D",3,54.4,"Ampithoe_kava",34
"244","Sargassum_linearifolium","D",4,25.6,"Ampithoe_kava",21
"245","Sargassum_linearifolium","D",5,48.2,"Ampithoe_kava",34
"246","Sargassum_linearifolium","D",6,70.4,"Ampithoe_kava",9
"247","Sargassum_linearifolium","D",7,92.7,"Ampithoe_kava",123
"248","Sargassum_linearifolium","D",8,52.7,"Ampithoe_kava",8
"249","Sargassum_linearifolium","D",9,41.9,"Ampithoe_kava",63
"250","Sargassum_linearifolium","D",10,31,"Ampithoe_kava",42
"251","Sargassum_linearifolium","N",1,65.1,"Ampithoe_kava",64
"252","Sargassum_linearifolium","N",2,41.5,"Ampithoe_kava",21
"253","Sargassum_linearifolium","N",3,52.2,"Ampithoe_kava",44
"254","Sargassum_linearifolium","N",4,40.1,"Ampithoe_kava",36
"255","Sargassum_linearifolium","N",5,71.2,"Ampithoe_kava",70
"256","Sargassum_linearifolium","N",6,35.2,"Ampithoe_kava",65
"257","Sargassum_linearifolium","N",7,35.6,"Ampithoe_kava",24
"258","Sargassum_linearifolium","N",8,47.7,"Ampithoe_kava",28
"259","Sargassum_linearifolium","N",9,20.9,"Ampithoe_kava",71
"260","Sargassum_linearifolium","N",10,34.6,"Ampithoe_kava",29
"261","Sargassum_vestitum","D",1,42.3,"Ampithoe_kava",6
"262","Sargassum_vestitum","D",2,31.8,"Ampithoe_kava",2
"263","Sargassum_vestitum","D",3,42.8,"Ampithoe_kava",22
"264","Sargassum_vestitum","D",4,27.3,"Ampithoe_kava",2
"265","Sargassum_vestitum","D",5,37.9,"Ampithoe_kava",12
"266","Sargassum_vestitum","D",6,52.9,"Ampithoe_kava",1
"267","Sargassum_vestitum","D",7,27.1,"Ampithoe_kava",16
"268","Sargassum_vestitum","D",8,35.7,"Ampithoe_kava",10
"269","Sargassum_vestitum","D",9,34.4,"Ampithoe_kava",8
"270","Sargassum_vestitum","D",10,31.8,"Ampithoe_kava",1
"271","Sargassum_vestitum","N",1,25.6,"Ampithoe_kava",15
"272","Sargassum_vestitum","N",2,51.9,"Ampithoe_kava",0
"273","Sargassum_vestitum","N",3,46.4,"Ampithoe_kava",1
"274","Sargassum_vestitum","N",4,27.1,"Ampithoe_kava",1
"275","Sargassum_vestitum","N",5,51.9,"Ampithoe_kava",3
"276","Sargassum_vestitum","N",6,26.4,"Ampithoe_kava",10
"277","Sargassum_vestitum","N",7,26.1,"Ampithoe_kava",31
"278","Sargassum_vestitum","N",8,16.3,"Ampithoe_kava",0
"279","Sargassum_vestitum","N",9,28.7,"Ampithoe_kava",23
"280","Sargassum_vestitum","N",10,53.7,"Ampithoe_kava",0
"281","Zonaria_diesingiana","D",1,8.6,"Ampithoe_kava",8
"282","Zonaria_diesingiana","D",2,6.2,"Ampithoe_kava",10
"283","Zonaria_diesingiana","D",3,8.9,"Ampithoe_kava",4
"284","Zonaria_diesingiana","D",4,7.4,"Ampithoe_kava",0
"285","Zonaria_diesingiana","D",5,12.8,"Ampithoe_kava",0
"286","Zonaria_diesingiana","D",6,15.3,"Ampithoe_kava",4
"287","Zonaria_diesingiana","D",7,11.8,"Ampithoe_kava",3
"288","Zonaria_diesingiana","D",8,9.9,"Ampithoe_kava",0
"289","Zonaria_diesingiana","D",9,14.6,"Ampithoe_kava",13
"290","Zonaria_diesingiana","D",10,10.4,"Ampithoe_kava",0
"291","Zonaria_diesingiana","N",1,11.8,"Ampithoe_kava",0
"292","Zonaria_diesingiana","N",2,4.2,"Ampithoe_kava",2
"293","Zonaria_diesingiana","N",3,3.9,"Ampithoe_kava",0
"294","Zonaria_diesingiana","N",4,7.6,"Ampithoe_kava",13
"295","Zonaria_diesingiana","N",5,6.6,"Ampithoe_kava",0
"296","Zonaria_diesingiana","N",6,10.3,"Ampithoe_kava",1
"297","Zonaria_diesingiana","N",7,12.8,"Ampithoe_kava",0
"298","Zonaria_diesingiana","N",8,7,"Ampithoe_kava",0
"299","Zonaria_diesingiana","N",9,5.6,"Ampithoe_kava",4
"300","Zonaria_diesingiana","N",10,7.2,"Ampithoe_kava",0
"301","Colpomenia_peregrina","D",1,7.9,"Ampithoe_ngana",0
"302","Colpomenia_peregrina","D",2,11.9,"Ampithoe_ngana",0
"303","Colpomenia_peregrina","D",3,14,"Ampithoe_ngana",0
"304","Colpomenia_peregrina","D",4,8.7,"Ampithoe_ngana",0
"305","Colpomenia_peregrina","D",5,12.3,"Ampithoe_ngana",0
"306","Colpomenia_peregrina","D",6,12.8,"Ampithoe_ngana",3
"307","Colpomenia_peregrina","D",7,9.2,"Ampithoe_ngana",0
"308","Colpomenia_peregrina","D",8,10.5,"Ampithoe_ngana",0
"309","Colpomenia_peregrina","D",9,12.6,"Ampithoe_ngana",0
"310","Colpomenia_peregrina","D",10,10.4,"Ampithoe_ngana",0
"311","Colpomenia_peregrina","N",1,11.1,"Ampithoe_ngana",12
"312","Colpomenia_peregrina","N",2,6.8,"Ampithoe_ngana",0
"313","Colpomenia_peregrina","N",3,12.3,"Ampithoe_ngana",0
"314","Colpomenia_peregrina","N",4,10.1,"Ampithoe_ngana",0
"315","Colpomenia_peregrina","N",5,15.6,"Ampithoe_ngana",0
"316","Colpomenia_peregrina","N",6,7.3,"Ampithoe_ngana",1
"317","Colpomenia_peregrina","N",7,8.1,"Ampithoe_ngana",1
"318","Colpomenia_peregrina","N",8,5.3,"Ampithoe_ngana",0
"319","Colpomenia_peregrina","N",9,6.9,"Ampithoe_ngana",1
"320","Colpomenia_peregrina","N",10,8.3,"Ampithoe_ngana",3
"321","Dictyopteris_acrostichoides","D",1,25.5,"Ampithoe_ngana",21
"322","Dictyopteris_acrostichoides","D",2,43.6,"Ampithoe_ngana",42
"323","Dictyopteris_acrostichoides","D",3,27.9,"Ampithoe_ngana",30
"324","Dictyopteris_acrostichoides","D",4,70.7,"Ampithoe_ngana",34
"325","Dictyopteris_acrostichoides","D",5,42.7,"Ampithoe_ngana",15
"326","Dictyopteris_acrostichoides","D",6,47.3,"Ampithoe_ngana",29
"327","Dictyopteris_acrostichoides","D",7,20.1,"Ampithoe_ngana",8
"328","Dictyopteris_acrostichoides","D",8,45.3,"Ampithoe_ngana",37
"329","Dictyopteris_acrostichoides","D",9,21.7,"Ampithoe_ngana",3
"330","Dictyopteris_acrostichoides","D",10,40,"Ampithoe_ngana",7
"331","Dictyopteris_acrostichoides","N",1,42.9,"Ampithoe_ngana",1
"332","Dictyopteris_acrostichoides","N",2,38.2,"Ampithoe_ngana",105
"333","Dictyopteris_acrostichoides","N",3,20.1,"Ampithoe_ngana",43
"334","Dictyopteris_acrostichoides","N",4,10.3,"Ampithoe_ngana",3
"335","Dictyopteris_acrostichoides","N",5,25.7,"Ampithoe_ngana",19
"336","Dictyopteris_acrostichoides","N",6,41.9,"Ampithoe_ngana",0
"337","Dictyopteris_acrostichoides","N",7,29.4,"Ampithoe_ngana",2
"338","Dictyopteris_acrostichoides","N",8,21.8,"Ampithoe_ngana",6
"339","Dictyopteris_acrostichoides","N",9,23.9,"Ampithoe_ngana",135
"340","Dictyopteris_acrostichoides","N",10,23.8,"Ampithoe_ngana",2
"341","Sargassum_linearifolium","D",1,43.9,"Ampithoe_ngana",103
"342","Sargassum_linearifolium","D",2,52.3,"Ampithoe_ngana",57
"343","Sargassum_linearifolium","D",3,54.4,"Ampithoe_ngana",17
"344","Sargassum_linearifolium","D",4,25.6,"Ampithoe_ngana",23
"345","Sargassum_linearifolium","D",5,48.2,"Ampithoe_ngana",54
"346","Sargassum_linearifolium","D",6,70.4,"Ampithoe_ngana",4
"347","Sargassum_linearifolium","D",7,92.7,"Ampithoe_ngana",136
"348","Sargassum_linearifolium","D",8,52.7,"Ampithoe_ngana",5
"349","Sargassum_linearifolium","D",9,41.9,"Ampithoe_ngana",70
"350","Sargassum_linearifolium","D",10,31,"Ampithoe_ngana",84
"351","Sargassum_linearifolium","N",1,65.1,"Ampithoe_ngana",94
"352","Sargassum_linearifolium","N",2,41.5,"Ampithoe_ngana",89
"353","Sargassum_linearifolium","N",3,52.2,"Ampithoe_ngana",90
"354","Sargassum_linearifolium","N",4,40.1,"Ampithoe_ngana",60
"355","Sargassum_linearifolium","N",5,71.2,"Ampithoe_ngana",102
"356","Sargassum_linearifolium","N",6,35.2,"Ampithoe_ngana",103
"357","Sargassum_linearifolium","N",7,35.6,"Ampithoe_ngana",93
"358","Sargassum_linearifolium","N",8,47.7,"Ampithoe_ngana",73
"359","Sargassum_linearifolium","N",9,20.9,"Ampithoe_ngana",97
"360","Sargassum_linearifolium","N",10,34.6,"Ampithoe_ngana",38
"361","Sargassum_vestitum","D",1,42.3,"Ampithoe_ngana",3
"362","Sargassum_vestitum","D",2,31.8,"Ampithoe_ngana",1
"363","Sargassum_vestitum","D",3,42.8,"Ampithoe_ngana",11
"364","Sargassum_vestitum","D",4,27.3,"Ampithoe_ngana",4
"365","Sargassum_vestitum","D",5,37.9,"Ampithoe_ngana",5
"366","Sargassum_vestitum","D",6,52.9,"Ampithoe_ngana",1
"367","Sargassum_vestitum","D",7,27.1,"Ampithoe_ngana",19
"368","Sargassum_vestitum","D",8,35.7,"Ampithoe_ngana",6
"369","Sargassum_vestitum","D",9,34.4,"Ampithoe_ngana",1
"370","Sargassum_vestitum","D",10,31.8,"Ampithoe_ngana",1
"371","Sargassum_vestitum","N",1,25.6,"Ampithoe_ngana",5
"372","Sargassum_vestitum","N",2,51.9,"Ampithoe_ngana",3
"373","Sargassum_vestitum","N",3,46.4,"Ampithoe_ngana",0
"374","Sargassum_vestitum","N",4,27.1,"Ampithoe_ngana",0
"375","Sargassum_vestitum","N",5,51.9,"Ampithoe_ngana",0
"376","Sargassum_vestitum","N",6,26.4,"Ampithoe_ngana",4
"377","Sargassum_vestitum","N",7,26.1,"Ampithoe_ngana",4
"378","Sargassum_vestitum","N",8,16.3,"Ampithoe_ngana",0
"379","Sargassum_vestitum","N",9,28.7,"Ampithoe_ngana",10
"380","Sargassum_vestitum","N",10,53.7,"Ampithoe_ngana",0
"381","Zonaria_diesingiana","D",1,8.6,"Ampithoe_ngana",59
"382","Zonaria_diesingiana","D",2,6.2,"Ampithoe_ngana",33
"383","Zonaria_diesingiana","D",3,8.9,"Ampithoe_ngana",22
"384","Zonaria_diesingiana","D",4,7.4,"Ampithoe_ngana",10
"385","Zonaria_diesingiana","D",5,12.8,"Ampithoe_ngana",23
"386","Zonaria_diesingiana","D",6,15.3,"Ampithoe_ngana",30
"387","Zonaria_diesingiana","D",7,11.8,"Ampithoe_ngana",9
"388","Zonaria_diesingiana","D",8,9.9,"Ampithoe_ngana",4
"389","Zonaria_diesingiana","D",9,14.6,"Ampithoe_ngana",12
"390","Zonaria_diesingiana","D",10,10.4,"Ampithoe_ngana",42
"391","Zonaria_diesingiana","N",1,11.8,"Ampithoe_ngana",40
"392","Zonaria_diesingiana","N",2,4.2,"Ampithoe_ngana",36
"393","Zonaria_diesingiana","N",3,3.9,"Ampithoe_ngana",43
"394","Zonaria_diesingiana","N",4,7.6,"Ampithoe_ngana",50
"395","Zonaria_diesingiana","N",5,6.6,"Ampithoe_ngana",61
"396","Zonaria_diesingiana","N",6,10.3,"Ampithoe_ngana",28
"397","Zonaria_diesingiana","N",7,12.8,"Ampithoe_ngana",19
"398","Zonaria_diesingiana","N",8,7,"Ampithoe_ngana",10
"399","Zonaria_diesingiana","N",9,5.6,"Ampithoe_ngana",17
"400","Zonaria_diesingiana","N",10,7.2,"Ampithoe_ngana",49
"401","Colpomenia_peregrina","D",1,7.9,"Cymadusa_munnu",0
"402","Colpomenia_peregrina","D",2,11.9,"Cymadusa_munnu",0
"403","Colpomenia_peregrina","D",3,14,"Cymadusa_munnu",6
"404","Colpomenia_peregrina","D",4,8.7,"Cymadusa_munnu",6
"405","Colpomenia_peregrina","D",5,12.3,"Cymadusa_munnu",1
"406","Colpomenia_peregrina","D",6,12.8,"Cymadusa_munnu",4
"407","Colpomenia_peregrina","D",7,9.2,"Cymadusa_munnu",0
"408","Colpomenia_peregrina","D",8,10.5,"Cymadusa_munnu",0
"409","Colpomenia_peregrina","D",9,12.6,"Cymadusa_munnu",0
"410","Colpomenia_peregrina","D",10,10.4,"Cymadusa_munnu",0
"411","Colpomenia_peregrina","N",1,11.1,"Cymadusa_munnu",0
"412","Colpomenia_peregrina","N",2,6.8,"Cymadusa_munnu",0
"413","Colpomenia_peregrina","N",3,12.3,"Cymadusa_munnu",0
"414","Colpomenia_peregrina","N",4,10.1,"Cymadusa_munnu",1
"415","Colpomenia_peregrina","N",5,15.6,"Cymadusa_munnu",0
"416","Colpomenia_peregrina","N",6,7.3,"Cymadusa_munnu",1
"417","Colpomenia_peregrina","N",7,8.1,"Cymadusa_munnu",4
"418","Colpomenia_peregrina","N",8,5.3,"Cymadusa_munnu",0
"419","Colpomenia_peregrina","N",9,6.9,"Cymadusa_munnu",0
"420","Colpomenia_peregrina","N",10,8.3,"Cymadusa_munnu",0
"421","Dictyopteris_acrostichoides","D",1,25.5,"Cymadusa_munnu",0
"422","Dictyopteris_acrostichoides","D",2,43.6,"Cymadusa_munnu",0
"423","Dictyopteris_acrostichoides","D",3,27.9,"Cymadusa_munnu",0
"424","Dictyopteris_acrostichoides","D",4,70.7,"Cymadusa_munnu",0
"425","Dictyopteris_acrostichoides","D",5,42.7,"Cymadusa_munnu",0
"426","Dictyopteris_acrostichoides","D",6,47.3,"Cymadusa_munnu",0
"427","Dictyopteris_acrostichoides","D",7,20.1,"Cymadusa_munnu",0
"428","Dictyopteris_acrostichoides","D",8,45.3,"Cymadusa_munnu",0
"429","Dictyopteris_acrostichoides","D",9,21.7,"Cymadusa_munnu",0
"430","Dictyopteris_acrostichoides","D",10,40,"Cymadusa_munnu",0
"431","Dictyopteris_acrostichoides","N",1,42.9,"Cymadusa_munnu",0
"432","Dictyopteris_acrostichoides","N",2,38.2,"Cymadusa_munnu",0
"433","Dictyopteris_acrostichoides","N",3,20.1,"Cymadusa_munnu",0
"434","Dictyopteris_acrostichoides","N",4,10.3,"Cymadusa_munnu",0
"435","Dictyopteris_acrostichoides","N",5,25.7,"Cymadusa_munnu",0
"436","Dictyopteris_acrostichoides","N",6,41.9,"Cymadusa_munnu",0
"437","Dictyopteris_acrostichoides","N",7,29.4,"Cymadusa_munnu",0
"438","Dictyopteris_acrostichoides","N",8,21.8,"Cymadusa_munnu",0
"439","Dictyopteris_acrostichoides","N",9,23.9,"Cymadusa_munnu",0
"440","Dictyopteris_acrostichoides","N",10,23.8,"Cymadusa_munnu",0
"441","Sargassum_linearifolium","D",1,43.9,"Cymadusa_munnu",0
"442","Sargassum_linearifolium","D",2,52.3,"Cymadusa_munnu",0
"443","Sargassum_linearifolium","D",3,54.4,"Cymadusa_munnu",0
"444","Sargassum_linearifolium","D",4,25.6,"Cymadusa_munnu",0
"445","Sargassum_linearifolium","D",5,48.2,"Cymadusa_munnu",0
"446","Sargassum_linearifolium","D",6,70.4,"Cymadusa_munnu",0
"447","Sargassum_linearifolium","D",7,92.7,"Cymadusa_munnu",0
"448","Sargassum_linearifolium","D",8,52.7,"Cymadusa_munnu",0
"449","Sargassum_linearifolium","D",9,41.9,"Cymadusa_munnu",0
"450","Sargassum_linearifolium","D",10,31,"Cymadusa_munnu",0
"451","Sargassum_linearifolium","N",1,65.1,"Cymadusa_munnu",0
"452","Sargassum_linearifolium","N",2,41.5,"Cymadusa_munnu",0
"453","Sargassum_linearifolium","N",3,52.2,"Cymadusa_munnu",0
"454","Sargassum_linearifolium","N",4,40.1,"Cymadusa_munnu",0
"455","Sargassum_linearifolium","N",5,71.2,"Cymadusa_munnu",0
"456","Sargassum_linearifolium","N",6,35.2,"Cymadusa_munnu",0
"457","Sargassum_linearifolium","N",7,35.6,"Cymadusa_munnu",0
"458","Sargassum_linearifolium","N",8,47.7,"Cymadusa_munnu",0
"459","Sargassum_linearifolium","N",9,20.9,"Cymadusa_munnu",0
"460","Sargassum_linearifolium","N",10,34.6,"Cymadusa_munnu",0
"461","Sargassum_vestitum","D",1,42.3,"Cymadusa_munnu",0
"462","Sargassum_vestitum","D",2,31.8,"Cymadusa_munnu",0
"463","Sargassum_vestitum","D",3,42.8,"Cymadusa_munnu",0
"464","Sargassum_vestitum","D",4,27.3,"Cymadusa_munnu",0
"465","Sargassum_vestitum","D",5,37.9,"Cymadusa_munnu",0
"466","Sargassum_vestitum","D",6,52.9,"Cymadusa_munnu",0
"467","Sargassum_vestitum","D",7,27.1,"Cymadusa_munnu",0
"468","Sargassum_vestitum","D",8,35.7,"Cymadusa_munnu",0
"469","Sargassum_vestitum","D",9,34.4,"Cymadusa_munnu",0
"470","Sargassum_vestitum","D",10,31.8,"Cymadusa_munnu",0
"471","Sargassum_vestitum","N",1,25.6,"Cymadusa_munnu",0
"472","Sargassum_vestitum","N",2,51.9,"Cymadusa_munnu",0
"473","Sargassum_vestitum","N",3,46.4,"Cymadusa_munnu",0
"474","Sargassum_vestitum","N",4,27.1,"Cymadusa_munnu",0
"475","Sargassum_vestitum","N",5,51.9,"Cymadusa_munnu",0
"476","Sargassum_vestitum","N",6,26.4,"Cymadusa_munnu",0
"477","Sargassum_vestitum","N",7,26.1,"Cymadusa_munnu",0
"478","Sargassum_vestitum","N",8,16.3,"Cymadusa_munnu",0
"479","Sargassum_vestitum","N",9,28.7,"Cymadusa_munnu",0
"480","Sargassum_vestitum","N",10,53.7,"Cymadusa_munnu",0
"481","Zonaria_diesingiana","D",1,8.6,"Cymadusa_munnu",0
"482","Zonaria_diesingiana","D",2,6.2,"Cymadusa_munnu",0
"483","Zonaria_diesingiana","D",3,8.9,"Cymadusa_munnu",0
"484","Zonaria_diesingiana","D",4,7.4,"Cymadusa_munnu",0
"485","Zonaria_diesingiana","D",5,12.8,"Cymadusa_munnu",0
"486","Zonaria_diesingiana","D",6,15.3,"Cymadusa_munnu",0
"487","Zonaria_diesingiana","D",7,11.8,"Cymadusa_munnu",0
"488","Zonaria_diesingiana","D",8,9.9,"Cymadusa_munnu",0
"489","Zonaria_diesingiana","D",9,14.6,"Cymadusa_munnu",0
"490","Zonaria_diesingiana","D",10,10.4,"Cymadusa_munnu",0
"491","Zonaria_diesingiana","N",1,11.8,"Cymadusa_munnu",0
"492","Zonaria_diesingiana","N",2,4.2,"Cymadusa_munnu",2
"493","Zonaria_diesingiana","N",3,3.9,"Cymadusa_munnu",0
"494","Zonaria_diesingiana","N",4,7.6,"Cymadusa_munnu",0
"495","Zonaria_diesingiana","N",5,6.6,"Cymadusa_munnu",0
"496","Zonaria_diesingiana","N",6,10.3,"Cymadusa_munnu",0
"497","Zonaria_diesingiana","N",7,12.8,"Cymadusa_munnu",0
"498","Zonaria_diesingiana","N",8,7,"Cymadusa_munnu",0
"499","Zonaria_diesingiana","N",9,5.6,"Cymadusa_munnu",0
"500","Zonaria_diesingiana","N",10,7.2,"Cymadusa_munnu",0
"501","Colpomenia_peregrina","D",1,7.9,"Exampithoe_kutti",5
"502","Colpomenia_peregrina","D",2,11.9,"Exampithoe_kutti",2
"503","Colpomenia_peregrina","D",3,14,"Exampithoe_kutti",2
"504","Colpomenia_peregrina","D",4,8.7,"Exampithoe_kutti",0
"505","Colpomenia_peregrina","D",5,12.3,"Exampithoe_kutti",0
"506","Colpomenia_peregrina","D",6,12.8,"Exampithoe_kutti",2
"507","Colpomenia_peregrina","D",7,9.2,"Exampithoe_kutti",3
"508","Colpomenia_peregrina","D",8,10.5,"Exampithoe_kutti",3
"509","Colpomenia_peregrina","D",9,12.6,"Exampithoe_kutti",0
"510","Colpomenia_peregrina","D",10,10.4,"Exampithoe_kutti",1
"511","Colpomenia_peregrina","N",1,11.1,"Exampithoe_kutti",1
"512","Colpomenia_peregrina","N",2,6.8,"Exampithoe_kutti",2
"513","Colpomenia_peregrina","N",3,12.3,"Exampithoe_kutti",1
"514","Colpomenia_peregrina","N",4,10.1,"Exampithoe_kutti",1
"515","Colpomenia_peregrina","N",5,15.6,"Exampithoe_kutti",1
"516","Colpomenia_peregrina","N",6,7.3,"Exampithoe_kutti",1
"517","Colpomenia_peregrina","N",7,8.1,"Exampithoe_kutti",0
"518","Colpomenia_peregrina","N",8,5.3,"Exampithoe_kutti",2
"519","Colpomenia_peregrina","N",9,6.9,"Exampithoe_kutti",1
"520","Colpomenia_peregrina","N",10,8.3,"Exampithoe_kutti",1
"521","Dictyopteris_acrostichoides","D",1,25.5,"Exampithoe_kutti",25
"522","Dictyopteris_acrostichoides","D",2,43.6,"Exampithoe_kutti",58
"523","Dictyopteris_acrostichoides","D",3,27.9,"Exampithoe_kutti",30
"524","Dictyopteris_acrostichoides","D",4,70.7,"Exampithoe_kutti",66
"525","Dictyopteris_acrostichoides","D",5,42.7,"Exampithoe_kutti",12
"526","Dictyopteris_acrostichoides","D",6,47.3,"Exampithoe_kutti",123
"527","Dictyopteris_acrostichoides","D",7,20.1,"Exampithoe_kutti",18
"528","Dictyopteris_acrostichoides","D",8,45.3,"Exampithoe_kutti",18
"529","Dictyopteris_acrostichoides","D",9,21.7,"Exampithoe_kutti",16
"530","Dictyopteris_acrostichoides","D",10,40,"Exampithoe_kutti",21
"531","Dictyopteris_acrostichoides","N",1,42.9,"Exampithoe_kutti",38
"532","Dictyopteris_acrostichoides","N",2,38.2,"Exampithoe_kutti",79
"533","Dictyopteris_acrostichoides","N",3,20.1,"Exampithoe_kutti",167
"534","Dictyopteris_acrostichoides","N",4,10.3,"Exampithoe_kutti",33
"535","Dictyopteris_acrostichoides","N",5,25.7,"Exampithoe_kutti",95
"536","Dictyopteris_acrostichoides","N",6,41.9,"Exampithoe_kutti",4
"537","Dictyopteris_acrostichoides","N",7,29.4,"Exampithoe_kutti",71
"538","Dictyopteris_acrostichoides","N",8,21.8,"Exampithoe_kutti",37
"539","Dictyopteris_acrostichoides","N",9,23.9,"Exampithoe_kutti",166
"540","Dictyopteris_acrostichoides","N",10,23.8,"Exampithoe_kutti",8
"541","Sargassum_linearifolium","D",1,43.9,"Exampithoe_kutti",6
"542","Sargassum_linearifolium","D",2,52.3,"Exampithoe_kutti",7
"543","Sargassum_linearifolium","D",3,54.4,"Exampithoe_kutti",23
"544","Sargassum_linearifolium","D",4,25.6,"Exampithoe_kutti",7
"545","Sargassum_linearifolium","D",5,48.2,"Exampithoe_kutti",4
"546","Sargassum_linearifolium","D",6,70.4,"Exampithoe_kutti",0
"547","Sargassum_linearifolium","D",7,92.7,"Exampithoe_kutti",7
"548","Sargassum_linearifolium","D",8,52.7,"Exampithoe_kutti",18
"549","Sargassum_linearifolium","D",9,41.9,"Exampithoe_kutti",12
"550","Sargassum_linearifolium","D",10,31,"Exampithoe_kutti",4
"551","Sargassum_linearifolium","N",1,65.1,"Exampithoe_kutti",7
"552","Sargassum_linearifolium","N",2,41.5,"Exampithoe_kutti",3
"553","Sargassum_linearifolium","N",3,52.2,"Exampithoe_kutti",4
"554","Sargassum_linearifolium","N",4,40.1,"Exampithoe_kutti",23
"555","Sargassum_linearifolium","N",5,71.2,"Exampithoe_kutti",5
"556","Sargassum_linearifolium","N",6,35.2,"Exampithoe_kutti",4
"557","Sargassum_linearifolium","N",7,35.6,"Exampithoe_kutti",6
"558","Sargassum_linearifolium","N",8,47.7,"Exampithoe_kutti",9
"559","Sargassum_linearifolium","N",9,20.9,"Exampithoe_kutti",2
"560","Sargassum_linearifolium","N",10,34.6,"Exampithoe_kutti",10
"561","Sargassum_vestitum","D",1,42.3,"Exampithoe_kutti",2
"562","Sargassum_vestitum","D",2,31.8,"Exampithoe_kutti",1
"563","Sargassum_vestitum","D",3,42.8,"Exampithoe_kutti",0
"564","Sargassum_vestitum","D",4,27.3,"Exampithoe_kutti",3
"565","Sargassum_vestitum","D",5,37.9,"Exampithoe_kutti",0
"566","Sargassum_vestitum","D",6,52.9,"Exampithoe_kutti",0
"567","Sargassum_vestitum","D",7,27.1,"Exampithoe_kutti",0
"568","Sargassum_vestitum","D",8,35.7,"Exampithoe_kutti",2
"569","Sargassum_vestitum","D",9,34.4,"Exampithoe_kutti",8
"570","Sargassum_vestitum","D",10,31.8,"Exampithoe_kutti",0
"571","Sargassum_vestitum","N",1,25.6,"Exampithoe_kutti",5
"572","Sargassum_vestitum","N",2,51.9,"Exampithoe_kutti",0
"573","Sargassum_vestitum","N",3,46.4,"Exampithoe_kutti",0
"574","Sargassum_vestitum","N",4,27.1,"Exampithoe_kutti",0
"575","Sargassum_vestitum","N",5,51.9,"Exampithoe_kutti",0
"576","Sargassum_vestitum","N",6,26.4,"Exampithoe_kutti",0
"577","Sargassum_vestitum","N",7,26.1,"Exampithoe_kutti",4
"578","Sargassum_vestitum","N",8,16.3,"Exampithoe_kutti",0
"579","Sargassum_vestitum","N",9,28.7,"Exampithoe_kutti",4
"580","Sargassum_vestitum","N",10,53.7,"Exampithoe_kutti",0
"581","Zonaria_diesingiana","D",1,8.6,"Exampithoe_kutti",43
"582","Zonaria_diesingiana","D",2,6.2,"Exampithoe_kutti",6
"583","Zonaria_diesingiana","D",3,8.9,"Exampithoe_kutti",0
"584","Zonaria_diesingiana","D",4,7.4,"Exampithoe_kutti",10
"585","Zonaria_diesingiana","D",5,12.8,"Exampithoe_kutti",2
"586","Zonaria_diesingiana","D",6,15.3,"Exampithoe_kutti",7
"587","Zonaria_diesingiana","D",7,11.8,"Exampithoe_kutti",1
"588","Zonaria_diesingiana","D",8,9.9,"Exampithoe_kutti",1
"589","Zonaria_diesingiana","D",9,14.6,"Exampithoe_kutti",7
"590","Zonaria_diesingiana","D",10,10.4,"Exampithoe_kutti",0
"591","Zonaria_diesingiana","N",1,11.8,"Exampithoe_kutti",19
"592","Zonaria_diesingiana","N",2,4.2,"Exampithoe_kutti",18
"593","Zonaria_diesingiana","N",3,3.9,"Exampithoe_kutti",6
"594","Zonaria_diesingiana","N",4,7.6,"Exampithoe_kutti",5
"595","Zonaria_diesingiana","N",5,6.6,"Exampithoe_kutti",11
"596","Zonaria_diesingiana","N",6,10.3,"Exampithoe_kutti",1
"597","Zonaria_diesingiana","N",7,12.8,"Exampithoe_kutti",6
"598","Zonaria_diesingiana","N",8,7,"Exampithoe_kutti",4
"599","Zonaria_diesingiana","N",9,5.6,"Exampithoe_kutti",2
"600","Zonaria_diesingiana","N",10,7.2,"Exampithoe_kutti",14
"601","Colpomenia_peregrina","D",1,7.9,"Plumithoe_quadrimanus",6
"602","Colpomenia_peregrina","D",2,11.9,"Plumithoe_quadrimanus",13
"603","Colpomenia_peregrina","D",3,14,"Plumithoe_quadrimanus",16
"604","Colpomenia_peregrina","D",4,8.7,"Plumithoe_quadrimanus",12
"605","Colpomenia_peregrina","D",5,12.3,"Plumithoe_quadrimanus",37
"606","Colpomenia_peregrina","D",6,12.8,"Plumithoe_quadrimanus",21
"607","Colpomenia_peregrina","D",7,9.2,"Plumithoe_quadrimanus",10
"608","Colpomenia_peregrina","D",8,10.5,"Plumithoe_quadrimanus",33
"609","Colpomenia_peregrina","D",9,12.6,"Plumithoe_quadrimanus",2
"610","Colpomenia_peregrina","D",10,10.4,"Plumithoe_quadrimanus",2
"611","Colpomenia_peregrina","N",1,11.1,"Plumithoe_quadrimanus",18
"612","Colpomenia_peregrina","N",2,6.8,"Plumithoe_quadrimanus",2
"613","Colpomenia_peregrina","N",3,12.3,"Plumithoe_quadrimanus",0
"614","Colpomenia_peregrina","N",4,10.1,"Plumithoe_quadrimanus",9
"615","Colpomenia_peregrina","N",5,15.6,"Plumithoe_quadrimanus",31
"616","Colpomenia_peregrina","N",6,7.3,"Plumithoe_quadrimanus",16
"617","Colpomenia_peregrina","N",7,8.1,"Plumithoe_quadrimanus",6
"618","Colpomenia_peregrina","N",8,5.3,"Plumithoe_quadrimanus",12
"619","Colpomenia_peregrina","N",9,6.9,"Plumithoe_quadrimanus",6
"620","Colpomenia_peregrina","N",10,8.3,"Plumithoe_quadrimanus",50
"621","Dictyopteris_acrostichoides","D",1,25.5,"Plumithoe_quadrimanus",0
"622","Dictyopteris_acrostichoides","D",2,43.6,"Plumithoe_quadrimanus",0
"623","Dictyopteris_acrostichoides","D",3,27.9,"Plumithoe_quadrimanus",0
"624","Dictyopteris_acrostichoides","D",4,70.7,"Plumithoe_quadrimanus",0
"625","Dictyopteris_acrostichoides","D",5,42.7,"Plumithoe_quadrimanus",0
"626","Dictyopteris_acrostichoides","D",6,47.3,"Plumithoe_quadrimanus",0
"627","Dictyopteris_acrostichoides","D",7,20.1,"Plumithoe_quadrimanus",0
"628","Dictyopteris_acrostichoides","D",8,45.3,"Plumithoe_quadrimanus",0
"629","Dictyopteris_acrostichoides","D",9,21.7,"Plumithoe_quadrimanus",0
"630","Dictyopteris_acrostichoides","D",10,40,"Plumithoe_quadrimanus",0
"631","Dictyopteris_acrostichoides","N",1,42.9,"Plumithoe_quadrimanus",0
"632","Dictyopteris_acrostichoides","N",2,38.2,"Plumithoe_quadrimanus",0
"633","Dictyopteris_acrostichoides","N",3,20.1,"Plumithoe_quadrimanus",0
"634","Dictyopteris_acrostichoides","N",4,10.3,"Plumithoe_quadrimanus",0
"635","Dictyopteris_acrostichoides","N",5,25.7,"Plumithoe_quadrimanus",0
"636","Dictyopteris_acrostichoides","N",6,41.9,"Plumithoe_quadrimanus",0
"637","Dictyopteris_acrostichoides","N",7,29.4,"Plumithoe_quadrimanus",0
"638","Dictyopteris_acrostichoides","N",8,21.8,"Plumithoe_quadrimanus",0
"639","Dictyopteris_acrostichoides","N",9,23.9,"Plumithoe_quadrimanus",0
"640","Dictyopteris_acrostichoides","N",10,23.8,"Plumithoe_quadrimanus",0
"641","Sargassum_linearifolium","D",1,43.9,"Plumithoe_quadrimanus",0
"642","Sargassum_linearifolium","D",2,52.3,"Plumithoe_quadrimanus",0
"643","Sargassum_linearifolium","D",3,54.4,"Plumithoe_quadrimanus",0
"644","Sargassum_linearifolium","D",4,25.6,"Plumithoe_quadrimanus",0
"645","Sargassum_linearifolium","D",5,48.2,"Plumithoe_quadrimanus",0
"646","Sargassum_linearifolium","D",6,70.4,"Plumithoe_quadrimanus",0
"647","Sargassum_linearifolium","D",7,92.7,"Plumithoe_quadrimanus",0
"648","Sargassum_linearifolium","D",8,52.7,"Plumithoe_quadrimanus",0
"649","Sargassum_linearifolium","D",9,41.9,"Plumithoe_quadrimanus",0
"650","Sargassum_linearifolium","D",10,31,"Plumithoe_quadrimanus",0
"651","Sargassum_linearifolium","N",1,65.1,"Plumithoe_quadrimanus",0
"652","Sargassum_linearifolium","N",2,41.5,"Plumithoe_quadrimanus",0
"653","Sargassum_linearifolium","N",3,52.2,"Plumithoe_quadrimanus",0
"654","Sargassum_linearifolium","N",4,40.1,"Plumithoe_quadrimanus",0
"655","Sargassum_linearifolium","N",5,71.2,"Plumithoe_quadrimanus",0
"656","Sargassum_linearifolium","N",6,35.2,"Plumithoe_quadrimanus",0
"657","Sargassum_linearifolium","N",7,35.6,"Plumithoe_quadrimanus",0
"658","Sargassum_linearifolium","N",8,47.7,"Plumithoe_quadrimanus",0
"659","Sargassum_linearifolium","N",9,20.9,"Plumithoe_quadrimanus",0
"660","Sargassum_linearifolium","N",10,34.6,"Plumithoe_quadrimanus",0
"661","Sargassum_vestitum","D",1,42.3,"Plumithoe_quadrimanus",0
"662","Sargassum_vestitum","D",2,31.8,"Plumithoe_quadrimanus",0
"663","Sargassum_vestitum","D",3,42.8,"Plumithoe_quadrimanus",0
"664","Sargassum_vestitum","D",4,27.3,"Plumithoe_quadrimanus",0
"665","Sargassum_vestitum","D",5,37.9,"Plumithoe_quadrimanus",0
"666","Sargassum_vestitum","D",6,52.9,"Plumithoe_quadrimanus",0
"667","Sargassum_vestitum","D",7,27.1,"Plumithoe_quadrimanus",0
"668","Sargassum_vestitum","D",8,35.7,"Plumithoe_quadrimanus",0
"669","Sargassum_vestitum","D",9,34.4,"Plumithoe_quadrimanus",0
"670","Sargassum_vestitum","D",10,31.8,"Plumithoe_quadrimanus",0
"671","Sargassum_vestitum","N",1,25.6,"Plumithoe_quadrimanus",0
"672","Sargassum_vestitum","N",2,51.9,"Plumithoe_quadrimanus",0
"673","Sargassum_vestitum","N",3,46.4,"Plumithoe_quadrimanus",0
"674","Sargassum_vestitum","N",4,27.1,"Plumithoe_quadrimanus",0
"675","Sargassum_vestitum","N",5,51.9,"Plumithoe_quadrimanus",0
"676","Sargassum_vestitum","N",6,26.4,"Plumithoe_quadrimanus",0
"677","Sargassum_vestitum","N",7,26.1,"Plumithoe_quadrimanus",0
"678","Sargassum_vestitum","N",8,16.3,"Plumithoe_quadrimanus",0
"679","Sargassum_vestitum","N",9,28.7,"Plumithoe_quadrimanus",0
"680","Sargassum_vestitum","N",10,53.7,"Plumithoe_quadrimanus",0
"681","Zonaria_diesingiana","D",1,8.6,"Plumithoe_quadrimanus",0
"682","Zonaria_diesingiana","D",2,6.2,"Plumithoe_quadrimanus",6
"683","Zonaria_diesingiana","D",3,8.9,"Plumithoe_quadrimanus",0
"684","Zonaria_diesingiana","D",4,7.4,"Plumithoe_quadrimanus",0
"685","Zonaria_diesingiana","D",5,12.8,"Plumithoe_quadrimanus",0
"686","Zonaria_diesingiana","D",6,15.3,"Plumithoe_quadrimanus",0
"687","Zonaria_diesingiana","D",7,11.8,"Plumithoe_quadrimanus",0
"688","Zonaria_diesingiana","D",8,9.9,"Plumithoe_quadrimanus",8
"689","Zonaria_diesingiana","D",9,14.6,"Plumithoe_quadrimanus",0
"690","Zonaria_diesingiana","D",10,10.4,"Plumithoe_quadrimanus",1
"691","Zonaria_diesingiana","N",1,11.8,"Plumithoe_quadrimanus",0
"692","Zonaria_diesingiana","N",2,4.2,"Plumithoe_quadrimanus",0
"693","Zonaria_diesingiana","N",3,3.9,"Plumithoe_quadrimanus",0
"694","Zonaria_diesingiana","N",4,7.6,"Plumithoe_quadrimanus",7
"695","Zonaria_diesingiana","N",5,6.6,"Plumithoe_quadrimanus",4
"696","Zonaria_diesingiana","N",6,10.3,"Plumithoe_quadrimanus",0
"697","Zonaria_diesingiana","N",7,12.8,"Plumithoe_quadrimanus",0
"698","Zonaria_diesingiana","N",8,7,"Plumithoe_quadrimanus",0
"699","Zonaria_diesingiana","N",9,5.6,"Plumithoe_quadrimanus",0
"700","Zonaria_diesingiana","N",10,7.2,"Plumithoe_quadrimanus",0
