name;name_long;sovereignt;type;abbrev;continent;formal_en;pop_est;gdp_md_est;pop_year;lastcensus;gdp_year;economy;income_grp;iso_a3;region_un
Aruba;Aruba;Netherlands;Country;Aruba;North America;Aruba;103065;2258;NA;2010;NA;6. Developing region;2. High income: nonOECD;ABW;Americas
Afghanistan;Afghanistan;Afghanistan;Sovereign country;Afg.;Asia;Islamic State of Afghanistan;28400000;22270;NA;1979;NA;7. Least developed region;5. Low income;AFG;Asia
Angola;Angola;Angola;Sovereign country;Ang.;Africa;People's Republic of Angola;12799293;110300;NA;1970;NA;7. Least developed region;3. Upper middle income;AGO;Africa
Anguilla;Anguilla;United Kingdom;Dependency;Ang.;North America;NA;14436;108.9;NA;NA;NA;6. Developing region;3. Upper middle income;AIA;Americas
Albania;Albania;Albania;Sovereign country;Alb.;Europe;Republic of Albania;3639453;21810;NA;2001;NA;6. Developing region;4. Lower middle income;ALB;Europe
Aland;Aland Islands;Finland;Country;Aland;Europe;Åland Islands;27153;1563;NA;NA;NA;2. Developed region: nonG7;1. High income: OECD;ALA;Europe
Andorra;Andorra;Andorra;Sovereign country;And.;Europe;Principality of Andorra;83888;3660;NA;1989;NA;2. Developed region: nonG7;2. High income: nonOECD;AND;Europe
United Arab Emirates;United Arab Emirates;United Arab Emirates;Sovereign country;U.A.E.;Asia;United Arab Emirates;4798491;184300;NA;2010;NA;6. Developing region;2. High income: nonOECD;ARE;Asia
Argentina;Argentina;Argentina;Sovereign country;Arg.;South America;Argentine Republic;40913584;573900;NA;2010;NA;5. Emerging region: G20;3. Upper middle income;ARG;Americas
Armenia;Armenia;Armenia;Sovereign country;Arm.;Asia;Republic of Armenia;2967004;18770;NA;2001;NA;6. Developing region;4. Lower middle income;ARM;Asia
American Samoa;American Samoa;United States of America;Dependency;Am. Samoa;Oceania;American Samoa;65628;575.3;NA;2010;NA;6. Developing region;3. Upper middle income;ASM;Oceania
Antarctica;Antarctica;Antarctica;Indeterminate;Ant.;Antarctica;NA;3802;760.4;NA;NA;NA;6. Developing region;2. High income: nonOECD;ATA;Antarctica
Ashmore and Cartier Is.;Ashmore and Cartier Islands;Australia;Dependency;A.C.Is.;Oceania;Territory of Ashmore and Cartier Islands;NA;NA;NA;NA;NA;7. Least developed region;5. Low income;NA;Oceania
Fr. S. Antarctic Lands;French Southern and Antarctic Lands;France;Dependency;Fr. S.A.L.;Seven seas (open ocean);Territory of the French Southern and Antarctic Lands;140;16;NA;NA;NA;6. Developing region;2. High income: nonOECD;ATF;Seven seas (open ocean)
Antigua and Barb.;Antigua and Barbuda;Antigua and Barbuda;Sovereign country;Ant.B.;North America;Antigua and Barbuda;85632;1657;NA;2011;NA;6. Developing region;3. Upper middle income;ATG;Americas
Australia;Australia;Australia;Country;Auz.;Oceania;Commonwealth of Australia;21262641;800200;NA;2006;NA;2. Developed region: nonG7;1. High income: OECD;AUS;Oceania
Austria;Austria;Austria;Sovereign country;Aust.;Europe;Republic of Austria;8210281;329500;NA;2011;NA;2. Developed region: nonG7;1. High income: OECD;AUT;Europe
Azerbaijan;Azerbaijan;Azerbaijan;Sovereign country;Aze.;Asia;Republic of Azerbaijan;8238672;77610;NA;2009;NA;6. Developing region;3. Upper middle income;AZE;Asia
Burundi;Burundi;Burundi;Sovereign country;Bur.;Africa;Republic of Burundi;8988091;3102;NA;2008;NA;7. Least developed region;5. Low income;BDI;Africa
Belgium;Belgium;Belgium;Sovereign country;Belg.;Europe;Kingdom of Belgium;10414336;389300;NA;2011;NA;2. Developed region: nonG7;1. High income: OECD;BEL;Europe
Benin;Benin;Benin;Sovereign country;Benin;Africa;Republic of Benin;8791832;12830;NA;2002;NA;7. Least developed region;5. Low income;BEN;Africa
Burkina Faso;Burkina Faso;Burkina Faso;Sovereign country;B.F.;Africa;Burkina Faso;15746232;17820;NA;2006;NA;7. Least developed region;5. Low income;BFA;Africa
Bangladesh;Bangladesh;Bangladesh;Sovereign country;Bang.;Asia;People's Republic of Bangladesh;156050883;224000;NA;2011;NA;7. Least developed region;5. Low income;BGD;Asia
Bulgaria;Bulgaria;Bulgaria;Sovereign country;Bulg.;Europe;Republic of Bulgaria;7204687;93750;NA;2011;NA;2. Developed region: nonG7;3. Upper middle income;BGR;Europe
Bahrain;Bahrain;Bahrain;Sovereign country;Bahr.;Asia;Kingdom of Bahrain;727785;26820;NA;2010;NA;6. Developing region;2. High income: nonOECD;BHR;Asia
Bahamas;Bahamas;The Bahamas;Sovereign country;Bhs.;North America;Commonwealth of the Bahamas;309156;9093;NA;2010;NA;6. Developing region;2. High income: nonOECD;BHS;Americas
Bosnia and Herz.;Bosnia and Herzegovina;Bosnia and Herzegovina;Sovereign country;B.H.;Europe;Bosnia and Herzegovina;4613414;29700;NA;1991;NA;6. Developing region;3. Upper middle income;BIH;Europe
St-Barthélemy;Saint-Barthélemy;France;Dependency;St. B.;North America;Saint-Barthélemy;7448;255;NA;NA;NA;2. Developed region: nonG7;1. High income: OECD;BLM;Americas
Belarus;Belarus;Belarus;Sovereign country;Bela.;Europe;Republic of Belarus;9648533;114100;NA;2009;NA;6. Developing region;3. Upper middle income;BLR;Europe
Belize;Belize;Belize;Sovereign country;Belize;North America;Belize;307899;2536;NA;2010;NA;6. Developing region;4. Lower middle income;BLZ;Americas
Bermuda;Bermuda;United Kingdom;Dependency;Berm.;North America;The Bermudas or Somers Isles;67837;4500;NA;2010;NA;2. Developed region: nonG7;2. High income: nonOECD;BMU;Americas
Bolivia;Bolivia;Bolivia;Sovereign country;Bolivia;South America;Plurinational State of Bolivia;9775246;43270;NA;2001;NA;5. Emerging region: G20;4. Lower middle income;BOL;Americas
Brazil;Brazil;Brazil;Sovereign country;Brazil;South America;Federative Republic of Brazil;198739269;1993000;NA;2010;NA;3. Emerging region: BRIC;3. Upper middle income;BRA;Americas
Barbados;Barbados;Barbados;Sovereign country;Barb.;North America;Barbados;284589;5425;NA;2010;NA;6. Developing region;2. High income: nonOECD;BRB;Americas
Brunei;Brunei Darussalam;Brunei;Sovereign country;Brunei;Asia;Negara Brunei Darussalam;388190;20250;NA;2001;NA;6. Developing region;2. High income: nonOECD;BRN;Asia
Bhutan;Bhutan;Bhutan;Sovereign country;Bhutan;Asia;Kingdom of Bhutan;691141;3524;NA;2005;NA;7. Least developed region;4. Lower middle income;BTN;Asia
Botswana;Botswana;Botswana;Sovereign country;Bwa.;Africa;Republic of Botswana;1990876;27060;NA;2011;NA;6. Developing region;3. Upper middle income;BWA;Africa
Central African Rep.;Central African Republic;Central African Republic;Sovereign country;C.A.R.;Africa;Central African Republic;4511488;3198;NA;2003;NA;7. Least developed region;5. Low income;CAF;Africa
Canada;Canada;Canada;Sovereign country;Can.;North America;Canada;33487208;1300000;NA;2011;NA;1. Developed region: G7;1. High income: OECD;CAN;Americas
Switzerland;Switzerland;Switzerland;Sovereign country;Switz.;Europe;Swiss Confederation;7604467;316700;NA;2010;NA;2. Developed region: nonG7;1. High income: OECD;CHE;Europe
Chile;Chile;Chile;Sovereign country;Chile;South America;Republic of Chile;16601707;244500;NA;2002;NA;5. Emerging region: G20;3. Upper middle income;CHL;Americas
China;China;China;Country;China;Asia;People's Republic of China;1338612970;7973000;NA;2010;NA;3. Emerging region: BRIC;3. Upper middle income;CHN;Asia
Côte d'Ivoire;Côte d'Ivoire;Ivory Coast;Sovereign country;I.C.;Africa;Republic of Ivory Coast;20617068;33850;NA;1998;NA;6. Developing region;4. Lower middle income;CIV;Africa
Cameroon;Cameroon;Cameroon;Sovereign country;Cam.;Africa;Republic of Cameroon;18879301;42750;NA;2005;NA;6. Developing region;4. Lower middle income;CMR;Africa
Dem. Rep. Congo;Democratic Republic of the Congo;Democratic Republic of the Congo;Sovereign country;D.R.C.;Africa;Democratic Republic of the Congo;68692542;20640;NA;1984;NA;7. Least developed region;5. Low income;COD;Africa
Congo;Republic of Congo;Republic of Congo;Sovereign country;Rep. Congo;Africa;Republic of Congo;4012809;15350;NA;2007;NA;6. Developing region;4. Lower middle income;COG;Africa
Cook Is.;Cook Islands;New Zealand;Dependency;Cook Is.;Oceania;NA;11870;183.2;NA;NA;NA;6. Developing region;3. Upper middle income;COK;Oceania
Colombia;Colombia;Colombia;Sovereign country;Col.;South America;Republic of Colombia;45644023;395400;NA;2006;NA;6. Developing region;3. Upper middle income;COL;Americas
Comoros;Comoros;Comoros;Sovereign country;Com.;Africa;Union of the Comoros;752438;751.2;NA;2003;NA;7. Least developed region;5. Low income;COM;Africa
Cape Verde;Cape Verde;Cape Verde;Sovereign country;C.Vd.;Africa;Republic of Cape Verde;429474;1626;NA;2010;NA;6. Developing region;4. Lower middle income;CPV;Africa
Costa Rica;Costa Rica;Costa Rica;Sovereign country;C.R.;North America;Republic of Costa Rica;4253877;48320;NA;2011;NA;5. Emerging region: G20;3. Upper middle income;CRI;Americas
Cuba;Cuba;Cuba;Sovereign country;Cuba;North America;Republic of Cuba;11451652;108200;NA;2002;NA;5. Emerging region: G20;3. Upper middle income;CUB;Americas
Curaçao;Curaçao;Netherlands;Country;Cur.;North America;Curaçao;141766;2838;NA;NA;NA;6. Developing region;2. High income: nonOECD;CUW;Americas
Cayman Is.;Cayman Islands;United Kingdom;Dependency;Cym. Is.;North America;Cayman Islands;49035;1939;NA;2010;NA;5. Emerging region: G20;2. High income: nonOECD;CYM;Americas
N. Cyprus;Northern Cyprus;Northern Cyprus;Sovereign country;N. Cy.;;Turkish Republic of Northern Cyprus;;;;;;;;;
Cyprus;Cyprus;Cyprus;Sovereign country;Cyp.;Asia;Republic of Cyprus;531640;22700;NA;2001;NA;6. Developing region;2. High income: nonOECD;CYP;Asia
Czech Rep.;Czech Republic;Czech Republic;Sovereign country;Cz. Rep.;Europe;Czech Republic;10211904;265200;NA;2011;NA;2. Developed region: nonG7;1. High income: OECD;CZE;Europe
Germany;Germany;Germany;Sovereign country;Ger.;Europe;Federal Republic of Germany;82329758;2918000;NA;2011;NA;1. Developed region: G7;1. High income: OECD;DEU;Europe
Djibouti;Djibouti;Djibouti;Sovereign country;Dji.;Africa;Republic of Djibouti;516055;1885;NA;2009;NA;7. Least developed region;4. Lower middle income;DJI;Africa
Dominica;Dominica;Dominica;Sovereign country;D'inca;North America;Commonwealth of Dominica;72660;719.6;NA;2011;NA;6. Developing region;3. Upper middle income;DMA;Americas
Denmark;Denmark;Denmark;Country;Den.;Europe;Kingdom of Denmark;5500510;203600;NA;2011;NA;2. Developed region: nonG7;1. High income: OECD;DNK;Europe
Dominican Rep.;Dominican Republic;Dominican Republic;Sovereign country;Dom. Rep.;North America;Dominican Republic;9650054;78000;NA;2010;NA;6. Developing region;3. Upper middle income;DOM;Americas
Algeria;Algeria;Algeria;Sovereign country;Alg.;Africa;People's Democratic Republic of Algeria;34178188;232900;NA;2008;NA;6. Developing region;3. Upper middle income;DZA;Africa
Ecuador;Ecuador;Ecuador;Sovereign country;Ecu.;South America;Republic of Ecuador;14573101;107700;NA;2010;NA;6. Developing region;3. Upper middle income;ECU;Americas
Egypt;Egypt;Egypt;Sovereign country;Egypt;Africa;Arab Republic of Egypt;83082869;443700;NA;2006;NA;5. Emerging region: G20;4. Lower middle income;EGY;Africa
Eritrea;Eritrea;Eritrea;Sovereign country;Erit.;Africa;State of Eritrea;5647168;3945;NA;1984;NA;7. Least developed region;5. Low income;ERI;Africa
Spain;Spain;Spain;Sovereign country;Sp.;Europe;Kingdom of Spain;40525002;1403000;NA;2001;NA;2. Developed region: nonG7;1. High income: OECD;ESP;Europe
Estonia;Estonia;Estonia;Sovereign country;Est.;Europe;Republic of Estonia;1299371;27410;NA;2000;NA;2. Developed region: nonG7;1. High income: OECD;EST;Europe
Ethiopia;Ethiopia;Ethiopia;Sovereign country;Eth.;Africa;Federal Democratic Republic of Ethiopia;85237338;68770;NA;2007;NA;7. Least developed region;5. Low income;ETH;Africa
Finland;Finland;Finland;Country;Fin.;Europe;Republic of Finland;5250275;193500;NA;2010;NA;2. Developed region: nonG7;1. High income: OECD;FIN;Europe
Fiji;Fiji;Fiji;Sovereign country;Fiji;Oceania;Republic of Fiji;944720;3579;NA;2007;NA;6. Developing region;4. Lower middle income;FJI;Oceania
Falkland Is.;Falkland Islands;United Kingdom;Dependency;Flk. Is.;;Falkland Islands;;;;;;;;;
France;France;France;Country;Fr.;Europe;French Republic;64057792;2128000;NA;NA;NA;1. Developed region: G7;1. High income: OECD;FRA;Europe
Faeroe Is.;Faeroe Islands;Denmark;Dependency;Faeroe Is.;Europe;Føroyar Is. (Faeroe Is.);48856;1000;NA;2011;NA;2. Developed region: nonG7;2. High income: nonOECD;FRO;Europe
Micronesia;Federated States of Micronesia;Federated States of Micronesia;Sovereign country;F.S.M.;Oceania;Federated States of Micronesia;107434;238.1;NA;2000;NA;6. Developing region;4. Lower middle income;FSM;Oceania
Gabon;Gabon;Gabon;Sovereign country;Gabon;Africa;Gabonese Republic;1514993;21110;NA;2003;NA;6. Developing region;3. Upper middle income;GAB;Africa
United Kingdom;United Kingdom;United Kingdom;Country;U.K.;Europe;United Kingdom of Great Britain and Northern Ireland;62262000;1977704;0;2011;2009;1. Developed region: G7;1. High income: OECD;GBR;Europe
Georgia;Georgia;Georgia;Sovereign country;Geo.;Asia;Georgia;4615807;21510;NA;2002;NA;6. Developing region;4. Lower middle income;GEO;Asia
Guernsey;Guernsey;United Kingdom;Country;Guern.;Europe;Bailiwick of Guernsey;68633;2742;NA;2001;NA;2. Developed region: nonG7;2. High income: nonOECD;GGY;Europe
Ghana;Ghana;Ghana;Sovereign country;Ghana;Africa;Republic of Ghana;23832495;34200;NA;2010;NA;6. Developing region;4. Lower middle income;GHA;Africa
Guinea;Guinea;Guinea;Sovereign country;Gin.;Africa;Republic of Guinea;10057975;10600;NA;1996;NA;7. Least developed region;5. Low income;GIN;Africa
Gambia;The Gambia;Gambia;Sovereign country;Gambia;Africa;Republic of the Gambia;1782893;2272;NA;2003;NA;7. Least developed region;5. Low income;GMB;Africa
Guinea-Bissau;Guinea-Bissau;Guinea Bissau;Sovereign country;GnB.;Africa;Republic of Guinea-Bissau;1533964;904.2;NA;2009;NA;7. Least developed region;5. Low income;GNB;Africa
Eq. Guinea;Equatorial Guinea;Equatorial Guinea;Sovereign country;Eq. G.;Africa;Republic of Equatorial Guinea;650702;14060;0;2002;0;7. Least developed region;2. High income: nonOECD;GNQ;Africa
Greece;Greece;Greece;Sovereign country;Greece;Europe;Hellenic Republic;10737428;343000;NA;2011;NA;2. Developed region: nonG7;1. High income: OECD;GRC;Europe
Grenada;Grenada;Grenada;Sovereign country;Gren.;North America;Grenada;90739;1161;NA;2011;NA;6. Developing region;3. Upper middle income;GRD;Americas
Greenland;Greenland;Denmark;Country;Grlnd.;North America;Greenland;57600;1100;NA;2010;NA;2. Developed region: nonG7;2. High income: nonOECD;GRL;Americas
Guatemala;Guatemala;Guatemala;Sovereign country;Guat.;North America;Republic of Guatemala;13276517;68580;NA;2002;NA;6. Developing region;4. Lower middle income;GTM;Americas
Guam;Guam;United States of America;Dependency;Guam;Oceania;Territory of Guam;178430;2500;NA;2010;NA;6. Developing region;2. High income: nonOECD;GUM;Oceania
Guyana;Guyana;Guyana;Sovereign country;Guy.;South America;Co-operative Republic of Guyana;772298;2966;NA;2002;NA;6. Developing region;4. Lower middle income;GUY;Americas
Hong Kong;Hong Kong;China;Country;H.K.;Asia;Hong Kong Special Administrative Region, PRC;7061200;351119;2010;2006;2011;6. Developing region;2. High income: nonOECD;HKG;Asia
Heard I. and McDonald Is.;Heard I. and McDonald Islands;Australia;Dependency;H.M.Is.;Seven seas (open ocean);Territory of Heard Island and McDonald Islands;NA;NA;NA;NA;NA;7. Least developed region;5. Low income;HMD;Seven seas (open ocean)
Honduras;Honduras;Honduras;Sovereign country;Hond.;North America;Republic of Honduras;7792854;33720;NA;2001;NA;6. Developing region;4. Lower middle income;HND;Americas
Croatia;Croatia;Croatia;Sovereign country;Cro.;Europe;Republic of Croatia;4489409;82390;NA;2011;NA;2. Developed region: nonG7;2. High income: nonOECD;HRV;Europe
Haiti;Haiti;Haiti;Sovereign country;Haiti;North America;Republic of Haiti;9035536;11500;NA;2003;NA;7. Least developed region;5. Low income;HTI;Americas
Hungary;Hungary;Hungary;Sovereign country;Hun.;Europe;Republic of Hungary;9905596;196600;NA;2001;NA;2. Developed region: nonG7;1. High income: OECD;HUN;Europe
Indonesia;Indonesia;Indonesia;Sovereign country;Indo.;Asia;Republic of Indonesia;240271522;914600;NA;2010;NA;4. Emerging region: MIKT;4. Lower middle income;IDN;Asia
Isle of Man;Isle of Man;United Kingdom;Country;IoMan;Europe;NA;76512;2719;NA;2006;NA;2. Developed region: nonG7;2. High income: nonOECD;IMN;Europe
India;India;India;Sovereign country;India;Asia;Republic of India;1166079220;3297000;NA;2011;NA;3. Emerging region: BRIC;4. Lower middle income;IND;Asia
Indian Ocean Ter.;Indian Ocean Territories;Australia;Dependency;Ind. Oc. Ter.;Asia;NA;2069;31.035;NA;NA;NA;2. Developed region: nonG7;2. High income: nonOECD;NA;Seven seas (open ocean)
Br. Indian Ocean Ter.;British Indian Ocean Territory;United Kingdom;Dependency;I.O.T.;;NA;;;;;;;;;
Ireland;Ireland;Ireland;Sovereign country;Ire.;Europe;Ireland;4203200;188400;NA;2011;NA;2. Developed region: nonG7;1. High income: OECD;IRL;Europe
Iran;Iran;Iran;Sovereign country;Iran;Asia;Islamic Republic of Iran;66429284;841700;NA;2006;NA;5. Emerging region: G20;3. Upper middle income;IRN;Asia
Iraq;Iraq;Iraq;Sovereign country;Iraq;Asia;Republic of Iraq;31129225;103900;NA;1997;NA;6. Developing region;4. Lower middle income;IRQ;Asia
Iceland;Iceland;Iceland;Sovereign country;Iceland;Europe;Republic of Iceland;306694;12710;NA;NA;NA;2. Developed region: nonG7;1. High income: OECD;ISL;Europe
Israel;Israel;Israel;Sovereign country;Isr.;Asia;State of Israel;7233701;201400;NA;2009;NA;2. Developed region: nonG7;1. High income: OECD;ISR;Asia
Italy;Italy;Italy;Sovereign country;Italy;Europe;Italian Republic;58126212;1823000;NA;2012;NA;1. Developed region: G7;1. High income: OECD;ITA;Europe
Jamaica;Jamaica;Jamaica;Sovereign country;Jam.;North America;Jamaica;2825928;20910;NA;2011;NA;6. Developing region;3. Upper middle income;JAM;Americas
Jersey;Jersey;United Kingdom;Country;Jey.;Europe;Bailiwick of Jersey;91626;5100;NA;2001;NA;2. Developed region: nonG7;2. High income: nonOECD;JEY;Europe
Jordan;Jordan;Jordan;Sovereign country;Jord.;Asia;Hashemite Kingdom of Jordan;6342948;31610;NA;2004;NA;6. Developing region;3. Upper middle income;JOR;Asia
Japan;Japan;Japan;Sovereign country;Japan;Asia;Japan;127078679;4329000;NA;2010;NA;1. Developed region: G7;1. High income: OECD;JPN;Asia
Siachen Glacier;Siachen Glacier;Kashmir;Indeterminate;Siachen;Asia;NA;6000;15;NA;NA;NA;6. Developing region;4. Lower middle income;NA;Asia
Kazakhstan;Kazakhstan;Kazakhstan;Sovereign country;Kaz.;Asia;Republic of Kazakhstan;15399437;175800;NA;2009;NA;6. Developing region;3. Upper middle income;KAZ;Asia
Kenya;Kenya;Kenya;Sovereign country;Ken.;Africa;Republic of Kenya;39002772;61510;NA;2009;NA;5. Emerging region: G20;5. Low income;KEN;Africa
Kyrgyzstan;Kyrgyzstan;Kyrgyzstan;Sovereign country;Kgz.;Asia;Kyrgyz Republic;5431747;11610;NA;2009;NA;6. Developing region;5. Low income;KGZ;Asia
Cambodia;Cambodia;Cambodia;Sovereign country;Camb.;Asia;Kingdom of Cambodia;14494293;27940;NA;2008;NA;7. Least developed region;5. Low income;KHM;Asia
Kiribati;Kiribati;Kiribati;Sovereign country;Kir.;Oceania;Republic of Kiribati;112850;579.5;NA;2005;NA;7. Least developed region;4. Lower middle income;KIR;Oceania
St. Kitts and Nevis;Saint Kitts and Nevis;Saint Kitts and Nevis;Sovereign country;St.K.N.;North America;Federation of Saint Kitts and Nevis;40131;777.7;NA;2011;NA;6. Developing region;2. High income: nonOECD;KNA;Americas
Korea;Republic of Korea;South Korea;Sovereign country;S.K.;Asia;Republic of Korea;48508972;1335000;NA;2010;NA;4. Emerging region: MIKT;1. High income: OECD;KOR;Asia
Kosovo;Kosovo;Kosovo;Sovereign country;Kos.;;Republic of Kosovo;;;;;;;;;
Kuwait;Kuwait;Kuwait;Sovereign country;Kwt.;Asia;State of Kuwait;2691158;149100;NA;2010;NA;6. Developing region;2. High income: nonOECD;KWT;Asia
Lao PDR;Lao PDR;Laos;Sovereign country;Laos;Asia;Lao People's Democratic Republic;6834942;13980;NA;2005;NA;7. Least developed region;4. Lower middle income;LAO;Asia
Lebanon;Lebanon;Lebanon;Sovereign country;Leb.;Asia;Lebanese Republic;4017095;44060;NA;1970;NA;6. Developing region;3. Upper middle income;LBN;Asia
Liberia;Liberia;Liberia;Sovereign country;Liberia;Africa;Republic of Liberia;3441790;1526;NA;2008;NA;7. Least developed region;5. Low income;LBR;Africa
Libya;Libya;Libya;Sovereign country;Libya;Africa;Libya;6310434;88830;NA;2006;NA;6. Developing region;3. Upper middle income;LBY;Africa
Saint Lucia;Saint Lucia;Saint Lucia;Sovereign country;S.L.;North America;Saint Lucia;160267;1778;NA;2010;NA;6. Developing region;3. Upper middle income;LCA;Americas
Liechtenstein;Liechtenstein;Liechtenstein;Sovereign country;Liech.;Europe;Principality of Liechtenstein;34761;4160;NA;2010;NA;2. Developed region: nonG7;2. High income: nonOECD;LIE;Europe
Sri Lanka;Sri Lanka;Sri Lanka;Sovereign country;Sri L.;Asia;Democratic Socialist Republic of Sri Lanka;21324791;91870;NA;2001;NA;6. Developing region;4. Lower middle income;LKA;Asia
Lesotho;Lesotho;Lesotho;Sovereign country;Les.;Africa;Kingdom of Lesotho;2130819;3293;NA;2006;NA;7. Least developed region;4. Lower middle income;LSO;Africa
Lithuania;Lithuania;Lithuania;Sovereign country;Lith.;Europe;Republic of Lithuania;3555179;63330;NA;2011;NA;2. Developed region: nonG7;3. Upper middle income;LTU;Europe
Luxembourg;Luxembourg;Luxembourg;Sovereign country;Lux.;Europe;Grand Duchy of Luxembourg;491775;39370;NA;2011;NA;2. Developed region: nonG7;1. High income: OECD;LUX;Europe
Latvia;Latvia;Latvia;Sovereign country;Lat.;Europe;Republic of Latvia;2231503;38860;NA;2011;NA;2. Developed region: nonG7;3. Upper middle income;LVA;Europe
Macao;Macao;China;Country;Mac.;Asia;Macao Special Administrative Region, PRC;559846;18140;NA;2011;NA;6. Developing region;2. High income: nonOECD;MAC;Asia
St-Martin;Saint-Martin;France;Dependency;St. M.;North America;Saint-Martin (French part);36661;449;2008;NA;1999;6. Developing region;2. High income: nonOECD;MAF;Americas
Morocco;Morocco;Morocco;Sovereign country;Mor.;Africa;Kingdom of Morocco;34859364;136600;NA;2004;NA;6. Developing region;4. Lower middle income;MAR;Africa
Monaco;Monaco;Monaco;Sovereign country;Mco.;Europe;Principality of Monaco;32965;976.3;NA;2008;NA;2. Developed region: nonG7;2. High income: nonOECD;MCO;Europe
Moldova;Moldova;Moldova;Sovereign country;Mda.;Europe;Republic of Moldova;4320748;10670;NA;2004;NA;6. Developing region;4. Lower middle income;MDA;Europe
Madagascar;Madagascar;Madagascar;Sovereign country;Mad.;Africa;Republic of Madagascar;20653556;20130;NA;1993;NA;7. Least developed region;5. Low income;MDG;Africa
Maldives;Maldives;Maldives;Sovereign country;Mald.;Seven seas (open ocean);Republic of Maldives;396334;1716;NA;2011;NA;6. Developing region;3. Upper middle income;MDV;Asia
Mexico;Mexico;Mexico;Sovereign country;Mex.;North America;United Mexican States;111211789;1563000;NA;2010;NA;4. Emerging region: MIKT;3. Upper middle income;MEX;Americas
Marshall Is.;Marshall Islands;Marshall Islands;Sovereign country;M. Is.;Oceania;Republic of the Marshall Islands;64522;133.5;NA;2011;NA;6. Developing region;4. Lower middle income;MHL;Oceania
Macedonia;Macedonia;Macedonia;Sovereign country;Mkd.;Europe;Former Yugoslav Republic of Macedonia;2066718;18780;NA;2010;NA;6. Developing region;3. Upper middle income;MKD;Europe
Mali;Mali;Mali;Sovereign country;Mali;Africa;Republic of Mali;12666987;14590;NA;2009;NA;7. Least developed region;5. Low income;MLI;Africa
Malta;Malta;Malta;Sovereign country;Malta;Europe;Republic of Malta;405165;9962;NA;2005;NA;2. Developed region: nonG7;2. High income: nonOECD;MLT;Europe
Myanmar;Myanmar;Myanmar;Sovereign country;Myan.;Asia;Republic of the Union of Myanmar;48137741;55130;NA;1983;NA;7. Least developed region;5. Low income;MMR;Asia
Montenegro;Montenegro;Montenegro;Sovereign country;Mont.;Europe;Montenegro;672180;6816;NA;2011;NA;6. Developing region;3. Upper middle income;MNE;Europe
Mongolia;Mongolia;Mongolia;Sovereign country;Mong.;Asia;Mongolia;3041142;9476;NA;2010;NA;6. Developing region;4. Lower middle income;MNG;Asia
N. Mariana Is.;Northern Mariana Islands;United States of America;Dependency;N.M.I.;Oceania;Commonwealth of the Northern Mariana Islands;88662;900;NA;2010;NA;6. Developing region;2. High income: nonOECD;MNP;Oceania
Mozambique;Mozambique;Mozambique;Sovereign country;Moz.;Africa;Republic of Mozambique;21669278;18940;NA;2007;NA;7. Least developed region;5. Low income;MOZ;Africa
Mauritania;Mauritania;Mauritania;Sovereign country;Mrt.;Africa;Islamic Republic of Mauritania;3129486;6308;NA;2000;NA;7. Least developed region;5. Low income;MRT;Africa
Montserrat;Montserrat;United Kingdom;Dependency;Monts.;North America;NA;5097;29;NA;NA;NA;6. Developing region;4. Lower middle income;MSR;Americas
Mauritius;Mauritius;Mauritius;Sovereign country;Mus.;Seven seas (open ocean);Republic of Mauritius;1284264;15270;NA;2011;NA;6. Developing region;3. Upper middle income;MUS;Africa
Malawi;Malawi;Malawi;Sovereign country;Mal.;Africa;Republic of Malawi;14268711;11810;NA;2008;NA;7. Least developed region;5. Low income;MWI;Africa
Malaysia;Malaysia;Malaysia;Sovereign country;Malay.;Asia;Malaysia;25715819;384300;NA;2010;NA;6. Developing region;3. Upper middle income;MYS;Asia
Namibia;Namibia;Namibia;Sovereign country;Nam.;Africa;Republic of Namibia;2108665;13250;NA;2001;NA;6. Developing region;3. Upper middle income;NAM;Africa
New Caledonia;New Caledonia;France;Dependency;New C.;Oceania;New Caledonia;227436;3158;NA;2009;NA;6. Developing region;2. High income: nonOECD;NCL;Oceania
Niger;Niger;Niger;Sovereign country;Niger;Africa;Republic of Niger;15306252;10040;NA;2001;NA;7. Least developed region;5. Low income;NER;Africa
Norfolk Island;Norfolk Island;Australia;Dependency;Nfk. I.;Oceania;Territory of Norfolk Island;2141;32.115;NA;NA;NA;6. Developing region;4. Lower middle income;NFK;Oceania
Nigeria;Nigeria;Nigeria;Sovereign country;Nigeria;Africa;Federal Republic of Nigeria;149229090;335400;NA;2006;NA;5. Emerging region: G20;4. Lower middle income;NGA;Africa
Nicaragua;Nicaragua;Nicaragua;Sovereign country;Nic.;North America;Republic of Nicaragua;5891199;16790;NA;2005;NA;6. Developing region;4. Lower middle income;NIC;Americas
Niue;Niue;New Zealand;Dependency;Niue;Oceania;NA;1398;10.01;NA;NA;NA;6. Developing region;3. Upper middle income;NIU;Oceania
Netherlands;Netherlands;Netherlands;Country;Neth.;Europe;Kingdom of the Netherlands;16715999;672000;NA;2011;NA;2. Developed region: nonG7;1. High income: OECD;NLD;Europe
Norway;Norway;Norway;Sovereign country;Nor.;Europe;Kingdom of Norway;4676305;276400;NA;2001;NA;2. Developed region: nonG7;1. High income: OECD;NOR;Europe
Nepal;Nepal;Nepal;Sovereign country;Nepal;Asia;Nepal;28563377;31080;NA;2001;NA;7. Least developed region;5. Low income;NPL;Asia
Nauru;Nauru;Nauru;Sovereign country;Nauru;Oceania;Republic of Nauru;14019;60;NA;NA;NA;6. Developing region;4. Lower middle income;NRU;Oceania
New Zealand;New Zealand;New Zealand;Country;N.Z.;Oceania;New Zealand;4213418;116700;NA;2006;NA;2. Developed region: nonG7;1. High income: OECD;NZL;Oceania
Oman;Oman;Oman;Sovereign country;Oman;Asia;Sultanate of Oman;3418085;66980;NA;2010;NA;6. Developing region;2. High income: nonOECD;OMN;Asia
Pakistan;Pakistan;Pakistan;Sovereign country;Pak.;Asia;Islamic Republic of Pakistan;176242949;427300;NA;1998;NA;5. Emerging region: G20;4. Lower middle income;PAK;Asia
Panama;Panama;Panama;Sovereign country;Pan.;North America;Republic of Panama;3360474;38830;NA;2010;NA;6. Developing region;3. Upper middle income;PAN;Americas
Pitcairn Is.;Pitcairn Islands;United Kingdom;Dependency;Pit. Is.;Oceania;Pitcairn, Henderson, Ducie and Oeno Islands;48;0.72;NA;NA;NA;7. Least developed region;5. Low income;PCN;Oceania
Peru;Peru;Peru;Sovereign country;Peru;South America;Republic of Peru;29546963;247300;NA;2007;NA;5. Emerging region: G20;3. Upper middle income;PER;Americas
Philippines;Philippines;Philippines;Sovereign country;Phil.;Asia;Republic of the Philippines;97976603;317500;NA;2010;NA;5. Emerging region: G20;4. Lower middle income;PHL;Asia
Palau;Palau;Palau;Sovereign country;Palau;Oceania;Republic of Palau;20796;164;NA;2010;NA;6. Developing region;3. Upper middle income;PLW;Oceania
Papua New Guinea;Papua New Guinea;Papua New Guinea;Sovereign country;P.N.G.;Oceania;Independent State of Papua New Guinea;6057263;13210;NA;2000;NA;6. Developing region;4. Lower middle income;PNG;Oceania
Poland;Poland;Poland;Sovereign country;Pol.;Europe;Republic of Poland;38482919;667900;NA;2011;NA;2. Developed region: nonG7;1. High income: OECD;POL;Europe
Puerto Rico;Puerto Rico;United States of America;Dependency;P.R.;North America;Commonwealth of Puerto Rico;3971020;70230;NA;2010;NA;6. Developing region;2. High income: nonOECD;PRI;Americas
Dem. Rep. Korea;Dem. Rep. Korea;North Korea;Sovereign country;N.K.;Asia;Democratic People's Republic of Korea;22665345;40000;NA;2009;NA;7. Least developed region;5. Low income;PRK;Asia
Portugal;Portugal;Portugal;Sovereign country;Port.;Europe;Portuguese Republic;10707924;208627;NA;2011;0;2. Developed region: nonG7;1. High income: OECD;PRT;Europe
Paraguay;Paraguay;Paraguay;Sovereign country;Para.;South America;Republic of Paraguay;6995655;28890;NA;2002;NA;5. Emerging region: G20;4. Lower middle income;PRY;Americas
Palestine;Palestine;Israel;Disputed;Pal.;Asia;West Bank and Gaza;4119083;11950.77;NA;2007;NA;6. Developing region;4. Lower middle income;PSE;Asia
Fr. Polynesia;French Polynesia;France;Dependency;Fr. Poly.;Oceania;French Polynesia;287032;4718;NA;2007;NA;6. Developing region;2. High income: nonOECD;PYF;Oceania
Qatar;Qatar;Qatar;Sovereign country;Qatar;Asia;State of Qatar;833285;91330;NA;2010;NA;6. Developing region;2. High income: nonOECD;QAT;Asia
Romania;Romania;Romania;Sovereign country;Rom.;Europe;Romania;22215421;271400;NA;2011;NA;2. Developed region: nonG7;3. Upper middle income;ROU;Europe
Russia;Russian Federation;Russia;Sovereign country;Rus.;Europe;Russian Federation;140041247;2266000;NA;2010;NA;3. Emerging region: BRIC;3. Upper middle income;RUS;Europe
Rwanda;Rwanda;Rwanda;Sovereign country;Rwa.;Africa;Republic of Rwanda;10473282;9706;NA;2002;NA;7. Least developed region;5. Low income;RWA;Africa
W. Sahara;Western Sahara;Western Sahara;Indeterminate;W. Sah.;;Sahrawi Arab Democratic Republic;;;;;;;;;
Saudi Arabia;Saudi Arabia;Saudi Arabia;Sovereign country;Saud.;Asia;Kingdom of Saudi Arabia;28686633;576500;NA;2010;NA;2. Developed region: nonG7;2. High income: nonOECD;SAU;Asia
Sudan;Sudan;Sudan;Sovereign country;Sudan;Africa;Republic of the Sudan;25946220;88080;NA;2008;NA;6. Developing region;4. Lower middle income;SDN;Africa
S. Sudan;South Sudan;South Sudan;Sovereign country;S. Sud.;Africa;Republic of South Sudan;10625176;13227;NA;2008;NA;7. Least developed region;5. Low income;SSD;Africa
Senegal;Senegal;Senegal;Sovereign country;Sen.;Africa;Republic of Senegal;13711597;21980;NA;2002;NA;7. Least developed region;4. Lower middle income;SEN;Africa
Singapore;Singapore;Singapore;Sovereign country;Sing.;Asia;Republic of Singapore;4657542;237300;NA;2010;NA;6. Developing region;2. High income: nonOECD;SGP;Asia
S. Geo. and S. Sandw. Is.;South Georgia and South Sandwich Islands;United Kingdom;Dependency;S.G. S.S. Is.;Seven seas (open ocean);South Georgia and South Sandwich Islands;30;0.3;NA;NA;NA;7. Least developed region;5. Low income;SGS;Seven seas (open ocean)
Saint Helena;Saint Helena;United Kingdom;Dependency;St.H.;Seven seas (open ocean);NA;7637;18;NA;NA;NA;6. Developing region;4. Lower middle income;SHN;Africa
Solomon Is.;Solomon Islands;Solomon Islands;Sovereign country;S. Is.;Oceania;NA;595613;1078;NA;2009;NA;7. Least developed region;4. Lower middle income;SLB;Oceania
Sierra Leone;Sierra Leone;Sierra Leone;Sovereign country;S.L.;Africa;Republic of Sierra Leone;6440053;4285;NA;2004;NA;7. Least developed region;5. Low income;SLE;Africa
El Salvador;El Salvador;El Salvador;Sovereign country;El. S.;North America;Republic of El Salvador;7185218;43630;NA;2007;NA;6. Developing region;4. Lower middle income;SLV;Americas
San Marino;San Marino;San Marino;Sovereign country;S.M.;Europe;Republic of San Marino;30324;1662;NA;2010;NA;2. Developed region: nonG7;2. High income: nonOECD;SMR;Europe
Somaliland;Somaliland;Somaliland;Indeterminate;Solnd.;;Republic of Somaliland;;;;;;;;;
Somalia;Somalia;Somalia;Sovereign country;Som.;Africa;Federal Republic of Somalia;9832017;5524;NA;1987;NA;7. Least developed region;5. Low income;SOM;Africa
St. Pierre and Miquelon;Saint Pierre and Miquelon;France;Dependency;St. P.M.;North America;Saint Pierre and Miquelon;7051;48.3;NA;NA;NA;2. Developed region: nonG7;3. Upper middle income;SPM;Americas
Serbia;Serbia;Republic of Serbia;Sovereign country;Serb.;Europe;Republic of Serbia;7379339;80340;NA;2011;NA;6. Developing region;3. Upper middle income;SRB;Europe
São Tomé and Principe;São Tomé and Principe;Sao Tome and Principe;Sovereign country;S.T.P.;Africa;Democratic Republic of São Tomé and Principe;212679;276.5;NA;2001;NA;7. Least developed region;4. Lower middle income;STP;Africa
Suriname;Suriname;Suriname;Sovereign country;Sur.;South America;Republic of Suriname;481267;4254;NA;2004;NA;6. Developing region;3. Upper middle income;SUR;Americas
Slovakia;Slovakia;Slovakia;Sovereign country;Svk.;Europe;Slovak Republic;5463046;119500;NA;2011;NA;2. Developed region: nonG7;1. High income: OECD;SVK;Europe
Slovenia;Slovenia;Slovenia;Sovereign country;Slo.;Europe;Republic of Slovenia;2005692;59340;NA;2011;NA;2. Developed region: nonG7;1. High income: OECD;SVN;Europe
Sweden;Sweden;Sweden;Sovereign country;Swe.;Europe;Kingdom of Sweden;9059651;344300;NA;NA;NA;2. Developed region: nonG7;1. High income: OECD;SWE;Europe
Swaziland;Swaziland;Swaziland;Sovereign country;Swz.;Africa;Kingdom of Swaziland;1123913;5702;NA;2007;NA;6. Developing region;4. Lower middle income;SWZ;Africa
Sint Maarten;Sint Maarten;Netherlands;Country;St. M.;North America;Sint Maarten (Dutch part);37429;400;NA;NA;NA;6. Developing region;2. High income: nonOECD;SXM;Americas
Seychelles;Seychelles;Seychelles;Sovereign country;Syc.;Seven seas (open ocean);Republic of Seychelles;87476;1715;NA;2010;NA;6. Developing region;3. Upper middle income;SYC;Africa
Syria;Syria;Syria;Sovereign country;Syria;Asia;Syrian Arab Republic;20178485;98830;NA;2004;NA;6. Developing region;4. Lower middle income;SYR;Asia
Turks and Caicos Is.;Turks and Caicos Islands;United Kingdom;Dependency;T.C. Is.;North America;Turks and Caicos Islands;22942;216;NA;2001;NA;6. Developing region;2. High income: nonOECD;TCA;Americas
Chad;Chad;Chad;Sovereign country;Chad;Africa;Republic of Chad;10329208;15860;NA;2009;NA;7. Least developed region;5. Low income;TCD;Africa
Togo;Togo;Togo;Sovereign country;Togo;Africa;Togolese Republic;6019877;5118;NA;2010;NA;7. Least developed region;5. Low income;TGO;Africa
Thailand;Thailand;Thailand;Sovereign country;Thai.;Asia;Kingdom of Thailand;65905410;547400;NA;2010;NA;5. Emerging region: G20;3. Upper middle income;THA;Asia
Tajikistan;Tajikistan;Tajikistan;Sovereign country;Tjk.;Asia;Republic of Tajikistan;7349145;13160;NA;2010;NA;6. Developing region;5. Low income;TJK;Asia
Turkmenistan;Turkmenistan;Turkmenistan;Sovereign country;Turkm.;Asia;Turkmenistan;4884887;29780;NA;1995;NA;6. Developing region;3. Upper middle income;TKM;Asia
Timor-Leste;Timor-Leste;East Timor;Sovereign country;T.L.;Asia;Democratic Republic of Timor-Leste;1131612;2520;NA;2010;NA;7. Least developed region;4. Lower middle income;TLS;Asia
Tonga;Tonga;Tonga;Sovereign country;Tongo;Oceania;Kingdom of Tonga;120898;549;NA;2006;NA;6. Developing region;4. Lower middle income;TON;Oceania
Trinidad and Tobago;Trinidad and Tobago;Trinidad and Tobago;Sovereign country;Tr.T.;North America;Republic of Trinidad and Tobago;1310000;29010;NA;2011;NA;6. Developing region;2. High income: nonOECD;TTO;Americas
Tunisia;Tunisia;Tunisia;Sovereign country;Tun.;Africa;Republic of Tunisia;10486339;81710;NA;2004;NA;6. Developing region;3. Upper middle income;TUN;Africa
Turkey;Turkey;Turkey;Sovereign country;Tur.;Asia;Republic of Turkey;76805524;902700;NA;2000;NA;4. Emerging region: MIKT;3. Upper middle income;TUR;Asia
Taiwan;Taiwan;Taiwan;Sovereign country;Taiwan;;NA;;;;;;;;;
Tanzania;Tanzania;United Republic of Tanzania;Sovereign country;Tanz.;Africa;United Republic of Tanzania;41048532;54250;NA;2002;NA;7. Least developed region;5. Low income;TZA;Africa
Uganda;Uganda;Uganda;Sovereign country;Uga.;Africa;Republic of Uganda;32369558;39380;NA;2002;NA;7. Least developed region;5. Low income;UGA;Africa
Ukraine;Ukraine;Ukraine;Sovereign country;Ukr.;Europe;Ukraine;45700395;339800;NA;2001;NA;6. Developing region;4. Lower middle income;UKR;Europe
Uruguay;Uruguay;Uruguay;Sovereign country;Ury.;South America;Oriental Republic of Uruguay;3494382;43160;NA;2004;NA;5. Emerging region: G20;3. Upper middle income;URY;Americas
United States;United States;United States of America;Country;U.S.A.;North America;United States of America;313973000;15094000;0;2010;0;1. Developed region: G7;1. High income: OECD;USA;Americas
Uzbekistan;Uzbekistan;Uzbekistan;Sovereign country;Uzb.;Asia;Republic of Uzbekistan;27606007;71670;NA;1989;NA;6. Developing region;4. Lower middle income;UZB;Asia
Vatican;Vatican;Vatican;Sovereign country;Vat.;Europe;State of the Vatican City;832;355;0;NA;0;2. Developed region: nonG7;2. High income: nonOECD;VAT;Europe
St. Vin. and Gren.;Saint Vincent and the Grenadines;Saint Vincent and the Grenadines;Sovereign country;St.V.G.;North America;Saint Vincent and the Grenadines;104574;1070;NA;2011;NA;6. Developing region;3. Upper middle income;VCT;Americas
Venezuela;Venezuela;Venezuela;Sovereign country;Ven.;South America;Bolivarian Republic of Venezuela;26814843;357400;NA;2001;NA;5. Emerging region: G20;3. Upper middle income;VEN;Americas
British Virgin Is.;British Virgin Islands;United Kingdom;Dependency;V.I. (Br.);North America;British Virgin Islands;24491;853.4;NA;NA;NA;2. Developed region: nonG7;1. High income: OECD;VGB;Americas
U.S. Virgin Is.;United States Virgin Islands;United States of America;Dependency;V.I. (U.S.);North America;Virgin Islands of the United States;109825;1577;NA;2010;NA;6. Developing region;2. High income: nonOECD;VIR;Americas
Vietnam;Vietnam;Vietnam;Sovereign country;Viet.;Asia;Socialist Republic of Vietnam;86967524;241700;NA;2009;NA;5. Emerging region: G20;4. Lower middle income;VNM;Asia
Vanuatu;Vanuatu;Vanuatu;Sovereign country;Van.;Oceania;Republic of Vanuatu;218519;988.5;NA;2009;NA;7. Least developed region;4. Lower middle income;VUT;Oceania
Wallis and Futuna Is.;Wallis and Futuna Islands;France;Dependency;Wlf.;Oceania;Wallis and Futuna Islands;15289;60;NA;NA;NA;6. Developing region;4. Lower middle income;WLF;Oceania
Samoa;Samoa;Samoa;Sovereign country;Samoa;Oceania;Independent State of Samoa;219998;1049;NA;2006;NA;7. Least developed region;4. Lower middle income;WSM;Oceania
Yemen;Yemen;Yemen;Sovereign country;Yem.;Asia;Republic of Yemen;23822783;55280;NA;2004;NA;7. Least developed region;4. Lower middle income;YEM;Asia
South Africa;South Africa;South Africa;Sovereign country;S.Af.;Africa;Republic of South Africa;49052489;491000;NA;2001;NA;5. Emerging region: G20;3. Upper middle income;ZAF;Africa
Zambia;Zambia;Zambia;Sovereign country;Zambia;Africa;Republic of Zambia;11862740;17500;NA;2010;NA;7. Least developed region;4. Lower middle income;ZMB;Africa
Zimbabwe;Zimbabwe;Zimbabwe;Sovereign country;Zimb.;Africa;Republic of Zimbabwe;12619600;9323;0;2002;0;5. Emerging region: G20;5. Low income;ZWE;Africa